Handle,Title,Body (HTML),Vendor,Product Category,Type,Tags,Published,Option1 Name,Option1 Value,Option1 Linked To,Option2 Name,Option2 Value,Option2 Linked To,Option3 Name,Option3 Value,Option3 Linked To,Variant SKU,Variant Grams,Variant Inventory Tracker,Variant Inventory Qty,Variant Inventory Policy,Variant Fulfillment Service,Variant Price,Variant Compare At Price,Variant Requires Shipping,Variant Taxable,Unit Price Total Measure,Unit Price Total Measure Unit,Unit Price Base Measure,Unit Price Base Measure Unit,Variant Barcode,Image Src,Image Position,Image Alt Text,Gift Card,SEO Title,SEO Description,Materiał ramy dzieła sztuki (product.metafields.shopify.artwork-frame-material),Kolor (product.metafields.shopify.color-pattern),Materiał dekoracyjny (product.metafields.shopify.decoration-material),Obsługiwany format (product.metafields.shopify.format-supported),Styl oprawki (product.metafields.shopify.frame-style),Materiał (product.metafields.shopify.material),Typ mocowania (product.metafields.shopify.mounting-type),Orientacja (product.metafields.shopify.orientation),Kształt (product.metafields.shopify.shape),Motyw (product.metafields.shopify.theme),Variant Image,Variant Weight Unit,Variant Tax Code,Cost per item,Status,Finish (product.metafields.shopify.finish)
golden-blossom-embrace,Golden Blossom Embrace,"<p>Golden Blossom Embrace"" captures the serene beauty of nature through a single, elegantly poised flower stem, its delicate petals bathed in soft, natural light. The gentle focus on the bloom, set against a subtly blurred background, evokes a sense of calm and organic authenticity, inviting the viewer to appreciate the intricate textures and imperfections of the natural world. This exquisite piece harmonizes effortlessly with any interior, bringing a touch of botanical grace to your space.</p>",REXIMPRIMIS,,poster,"poster, botanika, photography, size_13x18, size_21x30",true,Print Style,Full Bleed,,Size,13 × 18 cm (Small),,,,,golden-blossom-embrace-full-13x18,0,,,deny,manual,15.00,,true,true,,,,,,https://cdn.jsdelivr.net/gh/reximprimis/posters@main/shopify_thumbs/Botanika/photography/Golden_Blossom_Embrace_thumb.jpg,1,,false,Golden Blossom Embrace | REXIMPRIMIS,"Golden Blossom Embrace"" captures the serene beauty of nature through a single, elegantly poised flower stem, its delicate petals bathed in soft, natural light. ",,,,,,,,,,,https://cdn.jsdelivr.net/gh/reximprimis/posters@main/shopify_thumbs/Botanika/photography/Golden_Blossom_Embrace_thumb.jpg,kg,,,active,
golden-blossom-embrace,,,,,,,,,Full Bleed,,,21 × 30 cm (A4),,,,,golden-blossom-embrace-full-21x30,0,,,deny,manual,25.00,,true,true,,,,,,https://cdn.jsdelivr.net/gh/reximprimis/posters@main/shopify_thumbs/Botanika/photography/Golden_Blossom_Embrace_ramka_thumb.jpg,2,,,,,,,,,,,,,,,https://cdn.jsdelivr.net/gh/reximprimis/posters@main/shopify_thumbs/Botanika/photography/Golden_Blossom_Embrace_ramka_thumb.jpg,kg,,,,
golden-blossom-embrace,,,,,,,,,White Border,,,13 × 18 cm (Small),,,,,golden-blossom-embrace-ramka-13x18,0,,,deny,manual,15.00,,true,true,,,,,,,,,,,,,,,,,,,,,,https://cdn.jsdelivr.net/gh/reximprimis/posters@main/shopify_thumbs/Botanika/photography/Golden_Blossom_Embrace_ramka_thumb.jpg,kg,,,,
golden-blossom-embrace,,,,,,,,,White Border,,,21 × 30 cm (A4),,,,,golden-blossom-embrace-ramka-21x30,0,,,deny,manual,25.00,,true,true,,,,,,,,,,,,,,,,,,,,,,https://cdn.jsdelivr.net/gh/reximprimis/posters@main/shopify_thumbs/Botanika/photography/Golden_Blossom_Embrace_ramka_thumb.jpg,kg,,,,
magnolia-blossom-serenity,Magnolia Blossom Serenity,"<p>Experience the tranquil beauty of nature with ""Magnolia Blossom Serenity,"" a stunning photographic portrayal of a single magnolia branch in its organic form. Bathed in soft, natural light, this artwork captures the delicate textures and subtle imperfections of the flower, inviting a sense of calm into your space. The gentle blur of the background enhances the focus on the blossom, creating a serene focal point that harmonizes effortlessly with any interior.</p>",REXIMPRIMIS,,poster,"poster, botanika, photography, size_13x18, size_21x30",true,Print Style,Full Bleed,,Size,13 × 18 cm (Small),,,,,magnolia-blossom-serenity-full-13x18,0,,,deny,manual,15.00,,true,true,,,,,,https://cdn.jsdelivr.net/gh/reximprimis/posters@main/shopify_thumbs/Botanika/photography/Magnolia_Blossom_Serenity_thumb.jpg,1,,false,Magnolia Blossom Serenity | REXIMPRIMIS,"Experience the tranquil beauty of nature with ""Magnolia Blossom Serenity,"" a stunning photographic portrayal of a single magnolia branch in its organic form. Ba",,,,,,,,,,,https://cdn.jsdelivr.net/gh/reximprimis/posters@main/shopify_thumbs/Botanika/photography/Magnolia_Blossom_Serenity_thumb.jpg,kg,,,active,
magnolia-blossom-serenity,,,,,,,,,Full Bleed,,,21 × 30 cm (A4),,,,,magnolia-blossom-serenity-full-21x30,0,,,deny,manual,25.00,,true,true,,,,,,https://cdn.jsdelivr.net/gh/reximprimis/posters@main/shopify_thumbs/Botanika/photography/Magnolia_Blossom_Serenity_ramka_thumb.jpg,2,,,,,,,,,,,,,,,https://cdn.jsdelivr.net/gh/reximprimis/posters@main/shopify_thumbs/Botanika/photography/Magnolia_Blossom_Serenity_ramka_thumb.jpg,kg,,,,
magnolia-blossom-serenity,,,,,,,,,White Border,,,13 × 18 cm (Small),,,,,magnolia-blossom-serenity-ramka-13x18,0,,,deny,manual,15.00,,true,true,,,,,,,,,,,,,,,,,,,,,,https://cdn.jsdelivr.net/gh/reximprimis/posters@main/shopify_thumbs/Botanika/photography/Magnolia_Blossom_Serenity_ramka_thumb.jpg,kg,,,,
magnolia-blossom-serenity,,,,,,,,,White Border,,,21 × 30 cm (A4),,,,,magnolia-blossom-serenity-ramka-21x30,0,,,deny,manual,25.00,,true,true,,,,,,,,,,,,,,,,,,,,,,https://cdn.jsdelivr.net/gh/reximprimis/posters@main/shopify_thumbs/Botanika/photography/Magnolia_Blossom_Serenity_ramka_thumb.jpg,kg,,,,
eclipsed-moon-over-desert-landscape,Eclipsed Moon Over Desert Landscape,"<p>In ""Eclipsed Moon Over Desert Landscape,"" a serene lunar presence casts a gentle glow over an expansive desert, inviting contemplation of the cosmos. The photograph captures the ethereal interplay of soft natural light and the textured beauty of the landscape, creating a harmonious blend of earth and sky. This minimalist composition, with its organic asymmetry and rich detail, serves as a quiet reminder of the wonders beyond our world.</p>",REXIMPRIMIS,,poster,"poster, kosmos-i-astronomia, photography, size_13x18, size_21x30",true,Print Style,Full Bleed,,Size,13 × 18 cm (Small),,,,,eclipsed-moon-over-desert-landscape-full-13x18,0,,,deny,manual,15.00,,true,true,,,,,,https://cdn.jsdelivr.net/gh/reximprimis/posters@main/shopify_thumbs/Kosmos%20i%20astronomia/photography/Eclipsed_Moon_Over_Desert_Landscape_thumb.jpg,1,,false,Eclipsed Moon Over Desert Landscape | REXIMPRIMIS,"In ""Eclipsed Moon Over Desert Landscape,"" a serene lunar presence casts a gentle glow over an expansive desert, inviting contemplation of the cosmos. The photog",,,,,,,,,,,https://cdn.jsdelivr.net/gh/reximprimis/posters@main/shopify_thumbs/Kosmos%20i%20astronomia/photography/Eclipsed_Moon_Over_Desert_Landscape_thumb.jpg,kg,,,active,
eclipsed-moon-over-desert-landscape,,,,,,,,,Full Bleed,,,21 × 30 cm (A4),,,,,eclipsed-moon-over-desert-landscape-full-21x30,0,,,deny,manual,25.00,,true,true,,,,,,https://cdn.jsdelivr.net/gh/reximprimis/posters@main/shopify_thumbs/Kosmos%20i%20astronomia/photography/Eclipsed_Moon_Over_Desert_Landscape_ramka_thumb.jpg,2,,,,,,,,,,,,,,,https://cdn.jsdelivr.net/gh/reximprimis/posters@main/shopify_thumbs/Kosmos%20i%20astronomia/photography/Eclipsed_Moon_Over_Desert_Landscape_ramka_thumb.jpg,kg,,,,
eclipsed-moon-over-desert-landscape,,,,,,,,,White Border,,,13 × 18 cm (Small),,,,,eclipsed-moon-over-desert-landscape-ramka-13x18,0,,,deny,manual,15.00,,true,true,,,,,,,,,,,,,,,,,,,,,,https://cdn.jsdelivr.net/gh/reximprimis/posters@main/shopify_thumbs/Kosmos%20i%20astronomia/photography/Eclipsed_Moon_Over_Desert_Landscape_ramka_thumb.jpg,kg,,,,
eclipsed-moon-over-desert-landscape,,,,,,,,,White Border,,,21 × 30 cm (A4),,,,,eclipsed-moon-over-desert-landscape-ramka-21x30,0,,,deny,manual,25.00,,true,true,,,,,,,,,,,,,,,,,,,,,,https://cdn.jsdelivr.net/gh/reximprimis/posters@main/shopify_thumbs/Kosmos%20i%20astronomia/photography/Eclipsed_Moon_Over_Desert_Landscape_ramka_thumb.jpg,kg,,,,
moon-over-horizon,moon over horizon,"<p>Discover tranquility with ""moon over horizon,"" a stunning photographic representation of the moon gracefully poised above the horizon. This minimalist composition captures the serene beauty of natural light, inviting calm and balance into any space. With its expansive open sky, this print serves as a gentle reminder of the vastness and peace found in nature.</p>",REXIMPRIMIS,,poster,"poster, kosmos-i-astronomia, photography, size_13x18, size_21x30",true,Print Style,Full Bleed,,Size,13 × 18 cm (Small),,,,,moon-over-horizon-full-13x18,0,,,deny,manual,15.00,,true,true,,,,,,https://cdn.jsdelivr.net/gh/reximprimis/posters@main/shopify_thumbs/Kosmos%20i%20astronomia/photography/moon_over_horizon_thumb.jpg,1,,false,moon over horizon | REXIMPRIMIS,"Discover tranquility with ""moon over horizon,"" a stunning photographic representation of the moon gracefully poised above the horizon. This minimalist compositi",,,,,,,,,,,https://cdn.jsdelivr.net/gh/reximprimis/posters@main/shopify_thumbs/Kosmos%20i%20astronomia/photography/moon_over_horizon_thumb.jpg,kg,,,active,
moon-over-horizon,,,,,,,,,Full Bleed,,,21 × 30 cm (A4),,,,,moon-over-horizon-full-21x30,0,,,deny,manual,25.00,,true,true,,,,,,https://cdn.jsdelivr.net/gh/reximprimis/posters@main/shopify_thumbs/Kosmos%20i%20astronomia/photography/moon_over_horizon_ramka_thumb.jpg,2,,,,,,,,,,,,,,,https://cdn.jsdelivr.net/gh/reximprimis/posters@main/shopify_thumbs/Kosmos%20i%20astronomia/photography/moon_over_horizon_ramka_thumb.jpg,kg,,,,
moon-over-horizon,,,,,,,,,White Border,,,13 × 18 cm (Small),,,,,moon-over-horizon-ramka-13x18,0,,,deny,manual,15.00,,true,true,,,,,,,,,,,,,,,,,,,,,,https://cdn.jsdelivr.net/gh/reximprimis/posters@main/shopify_thumbs/Kosmos%20i%20astronomia/photography/moon_over_horizon_ramka_thumb.jpg,kg,,,,
moon-over-horizon,,,,,,,,,White Border,,,21 × 30 cm (A4),,,,,moon-over-horizon-ramka-21x30,0,,,deny,manual,25.00,,true,true,,,,,,,,,,,,,,,,,,,,,,https://cdn.jsdelivr.net/gh/reximprimis/posters@main/shopify_thumbs/Kosmos%20i%20astronomia/photography/moon_over_horizon_ramka_thumb.jpg,kg,,,,
cityscape-reflections-twilight-horizons,Cityscape Reflections: Twilight Horizons,"<p>Experience the serene beauty of urban life with ""Cityscape Reflections: Twilight Horizons,"" a striking portrayal of a city skyline at dusk. The composition showcases crisp architectural lines and a balanced layout, bathed in soft, natural light that enhances the clarity of each detail. This premium photographic artwork invites a moment of quiet reflection, making it a perfect addition to any sophisticated interior.</p>",REXIMPRIMIS,,poster,"poster, mapy-i-miasta, photography, size_13x18, size_21x30",true,Print Style,Full Bleed,,Size,13 × 18 cm (Small),,,,,cityscape-reflections-twilight-horizons-full-13x18,0,,,deny,manual,15.00,,true,true,,,,,,https://cdn.jsdelivr.net/gh/reximprimis/posters@main/shopify_thumbs/Mapy%20i%20miasta/photography/Cityscape_Reflections_Twilight_Horizons_thumb.jpg,1,,false,Cityscape Reflections: Twilight Horizons | REXIMPRIMIS,"Experience the serene beauty of urban life with ""Cityscape Reflections: Twilight Horizons,"" a striking portrayal of a city skyline at dusk. The composition show",,,,,,,,,,,https://cdn.jsdelivr.net/gh/reximprimis/posters@main/shopify_thumbs/Mapy%20i%20miasta/photography/Cityscape_Reflections_Twilight_Horizons_thumb.jpg,kg,,,active,
cityscape-reflections-twilight-horizons,,,,,,,,,Full Bleed,,,21 × 30 cm (A4),,,,,cityscape-reflections-twilight-horizons-full-21x30,0,,,deny,manual,25.00,,true,true,,,,,,https://cdn.jsdelivr.net/gh/reximprimis/posters@main/shopify_thumbs/Mapy%20i%20miasta/photography/Cityscape_Reflections_Twilight_Horizons_ramka_thumb.jpg,2,,,,,,,,,,,,,,,https://cdn.jsdelivr.net/gh/reximprimis/posters@main/shopify_thumbs/Mapy%20i%20miasta/photography/Cityscape_Reflections_Twilight_Horizons_ramka_thumb.jpg,kg,,,,
cityscape-reflections-twilight-horizons,,,,,,,,,White Border,,,13 × 18 cm (Small),,,,,cityscape-reflections-twilight-horizons-ramka-13x18,0,,,deny,manual,15.00,,true,true,,,,,,,,,,,,,,,,,,,,,,https://cdn.jsdelivr.net/gh/reximprimis/posters@main/shopify_thumbs/Mapy%20i%20miasta/photography/Cityscape_Reflections_Twilight_Horizons_ramka_thumb.jpg,kg,,,,
cityscape-reflections-twilight-horizons,,,,,,,,,White Border,,,21 × 30 cm (A4),,,,,cityscape-reflections-twilight-horizons-ramka-21x30,0,,,deny,manual,25.00,,true,true,,,,,,,,,,,,,,,,,,,,,,https://cdn.jsdelivr.net/gh/reximprimis/posters@main/shopify_thumbs/Mapy%20i%20miasta/photography/Cityscape_Reflections_Twilight_Horizons_ramka_thumb.jpg,kg,,,,
dancing-foxes-in-moonlight,Dancing Foxes in Moonlight,"<p>In ""Dancing Foxes in Moonlight,"" playful elegance comes alive through soft shapes and gentle hues, capturing the whimsical spirit of these enchanting creatures. The artwork features a harmonious composition that seamlessly blends the foxes with a serene, neutral background, inviting a sense of calm and wonder. This refined illustration is a delightful addition to any child's space, sparking imagination and joy.</p>",REXIMPRIMIS,,poster,"poster, plakaty-dla-dzieci, illustration, size_13x18, size_21x30",true,Print Style,Full Bleed,,Size,13 × 18 cm (Small),,,,,dancing-foxes-in-moonlight-full-13x18,0,,,deny,manual,15.00,,true,true,,,,,,https://cdn.jsdelivr.net/gh/reximprimis/posters@main/shopify_thumbs/Plakaty%20dla%20dzieci/illustration/Dancing_Foxes_in_Moonlight_thumb.jpg,1,,false,Dancing Foxes in Moonlight | REXIMPRIMIS,"In ""Dancing Foxes in Moonlight,"" playful elegance comes alive through soft shapes and gentle hues, capturing the whimsical spirit of these enchanting creatures.",,,,,,,,,,,https://cdn.jsdelivr.net/gh/reximprimis/posters@main/shopify_thumbs/Plakaty%20dla%20dzieci/illustration/Dancing_Foxes_in_Moonlight_thumb.jpg,kg,,,active,
dancing-foxes-in-moonlight,,,,,,,,,Full Bleed,,,21 × 30 cm (A4),,,,,dancing-foxes-in-moonlight-full-21x30,0,,,deny,manual,25.00,,true,true,,,,,,https://cdn.jsdelivr.net/gh/reximprimis/posters@main/shopify_thumbs/Plakaty%20dla%20dzieci/illustration/Dancing_Foxes_in_Moonlight_ramka_thumb.jpg,2,,,,,,,,,,,,,,,https://cdn.jsdelivr.net/gh/reximprimis/posters@main/shopify_thumbs/Plakaty%20dla%20dzieci/illustration/Dancing_Foxes_in_Moonlight_ramka_thumb.jpg,kg,,,,
dancing-foxes-in-moonlight,,,,,,,,,White Border,,,13 × 18 cm (Small),,,,,dancing-foxes-in-moonlight-ramka-13x18,0,,,deny,manual,15.00,,true,true,,,,,,,,,,,,,,,,,,,,,,https://cdn.jsdelivr.net/gh/reximprimis/posters@main/shopify_thumbs/Plakaty%20dla%20dzieci/illustration/Dancing_Foxes_in_Moonlight_ramka_thumb.jpg,kg,,,,
dancing-foxes-in-moonlight,,,,,,,,,White Border,,,21 × 30 cm (A4),,,,,dancing-foxes-in-moonlight-ramka-21x30,0,,,deny,manual,25.00,,true,true,,,,,,,,,,,,,,,,,,,,,,https://cdn.jsdelivr.net/gh/reximprimis/posters@main/shopify_thumbs/Plakaty%20dla%20dzieci/illustration/Dancing_Foxes_in_Moonlight_ramka_thumb.jpg,kg,,,,
retro-vinyl-dreams,Retro Vinyl Dreams,"<p>Embrace the nostalgia of yesteryear with ""Retro Vinyl Dreams,"" a captivating photographic tribute to vintage music culture. This artwork features a beautifully composed scene that highlights the warm hues of terracotta, amber, and muted teal, inviting you to lose yourself in the soft gradients and natural light. The serene focus on the vinyl evokes a sense of timelessness, making it a perfect addition to any space that celebrates the charm of retro aesthetics.</p>",REXIMPRIMIS,,poster,"poster, retro, photography, size_13x18, size_21x30",true,Print Style,Full Bleed,,Size,13 × 18 cm (Small),,,,,retro-vinyl-dreams-full-13x18,0,,,deny,manual,15.00,,true,true,,,,,,https://cdn.jsdelivr.net/gh/reximprimis/posters@main/shopify_thumbs/Retro/photography/Retro_Vinyl_Dreams_thumb.jpg,1,,false,Retro Vinyl Dreams | REXIMPRIMIS,"Embrace the nostalgia of yesteryear with ""Retro Vinyl Dreams,"" a captivating photographic tribute to vintage music culture. This artwork features a beautifully ",,,,,,,,,,,https://cdn.jsdelivr.net/gh/reximprimis/posters@main/shopify_thumbs/Retro/photography/Retro_Vinyl_Dreams_thumb.jpg,kg,,,active,
retro-vinyl-dreams,,,,,,,,,Full Bleed,,,21 × 30 cm (A4),,,,,retro-vinyl-dreams-full-21x30,0,,,deny,manual,25.00,,true,true,,,,,,https://cdn.jsdelivr.net/gh/reximprimis/posters@main/shopify_thumbs/Retro/photography/Retro_Vinyl_Dreams_ramka_thumb.jpg,2,,,,,,,,,,,,,,,https://cdn.jsdelivr.net/gh/reximprimis/posters@main/shopify_thumbs/Retro/photography/Retro_Vinyl_Dreams_ramka_thumb.jpg,kg,,,,
retro-vinyl-dreams,,,,,,,,,White Border,,,13 × 18 cm (Small),,,,,retro-vinyl-dreams-ramka-13x18,0,,,deny,manual,15.00,,true,true,,,,,,,,,,,,,,,,,,,,,,https://cdn.jsdelivr.net/gh/reximprimis/posters@main/shopify_thumbs/Retro/photography/Retro_Vinyl_Dreams_ramka_thumb.jpg,kg,,,,
retro-vinyl-dreams,,,,,,,,,White Border,,,21 × 30 cm (A4),,,,,retro-vinyl-dreams-ramka-21x30,0,,,deny,manual,25.00,,true,true,,,,,,,,,,,,,,,,,,,,,,https://cdn.jsdelivr.net/gh/reximprimis/posters@main/shopify_thumbs/Retro/photography/Retro_Vinyl_Dreams_ramka_thumb.jpg,kg,,,,
golden-hour-cat,Golden Hour Cat,"<p>Experience the serene beauty of ""Golden Hour Cat,"" where a feline companion basks in the warm embrace of natural sunlight during the enchanting golden hour. This meticulously captured photograph showcases the cat’s detailed fur and striking eyes, set against a softly blurred backdrop of grass and earth, creating a tranquil yet captivating atmosphere. The balanced tones and sharp focus invite you to appreciate the delicate interplay of light and texture, making it a perfect addition to any serene space.</p>",REXIMPRIMIS,,poster,"poster, zwierzeta, photography, size_13x18, size_21x30",true,Print Style,Full Bleed,,Size,13 × 18 cm (Small),,,,,golden-hour-cat-full-13x18,0,,,deny,manual,15.00,,true,true,,,,,,https://cdn.jsdelivr.net/gh/reximprimis/posters@main/shopify_thumbs/Zwierz%C4%99ta/photography/Golden_Hour_Cat_thumb.jpg,1,,false,Golden Hour Cat | REXIMPRIMIS,"Experience the serene beauty of ""Golden Hour Cat,"" where a feline companion basks in the warm embrace of natural sunlight during the enchanting golden hour. Thi",,,,,,,,,,,https://cdn.jsdelivr.net/gh/reximprimis/posters@main/shopify_thumbs/Zwierz%C4%99ta/photography/Golden_Hour_Cat_thumb.jpg,kg,,,active,
golden-hour-cat,,,,,,,,,Full Bleed,,,21 × 30 cm (A4),,,,,golden-hour-cat-full-21x30,0,,,deny,manual,25.00,,true,true,,,,,,https://cdn.jsdelivr.net/gh/reximprimis/posters@main/shopify_thumbs/Zwierz%C4%99ta/photography/Golden_Hour_Cat_ramka_thumb.jpg,2,,,,,,,,,,,,,,,https://cdn.jsdelivr.net/gh/reximprimis/posters@main/shopify_thumbs/Zwierz%C4%99ta/photography/Golden_Hour_Cat_ramka_thumb.jpg,kg,,,,
golden-hour-cat,,,,,,,,,White Border,,,13 × 18 cm (Small),,,,,golden-hour-cat-ramka-13x18,0,,,deny,manual,15.00,,true,true,,,,,,,,,,,,,,,,,,,,,,https://cdn.jsdelivr.net/gh/reximprimis/posters@main/shopify_thumbs/Zwierz%C4%99ta/photography/Golden_Hour_Cat_ramka_thumb.jpg,kg,,,,
golden-hour-cat,,,,,,,,,White Border,,,21 × 30 cm (A4),,,,,golden-hour-cat-ramka-21x30,0,,,deny,manual,25.00,,true,true,,,,,,,,,,,,,,,,,,,,,,https://cdn.jsdelivr.net/gh/reximprimis/posters@main/shopify_thumbs/Zwierz%C4%99ta/photography/Golden_Hour_Cat_ramka_thumb.jpg,kg,,,,
golden-hour-dog,Golden Hour Dog,"<p>Captured in the serene embrace of golden hour, ""Golden Hour Dog"" presents a beautifully detailed portrait of a dog basking in soft, natural light. Surrounded by a gentle landscape of warm beige and soft greens, the image highlights the dog’s fur texture and natural anatomy, creating a tranquil scene that feels both authentic and inviting. This artwork infuses any space with warmth and a touch of nature's grace.</p>",REXIMPRIMIS,,poster,"poster, zwierzeta, photography, size_13x18, size_21x30",true,Print Style,Full Bleed,,Size,13 × 18 cm (Small),,,,,golden-hour-dog-full-13x18,0,,,deny,manual,15.00,,true,true,,,,,,https://cdn.jsdelivr.net/gh/reximprimis/posters@main/shopify_thumbs/Zwierz%C4%99ta/photography/Golden_Hour_Dog_thumb.jpg,1,,false,Golden Hour Dog | REXIMPRIMIS,"Captured in the serene embrace of golden hour, ""Golden Hour Dog"" presents a beautifully detailed portrait of a dog basking in soft, natural light. Surrounded by",,,,,,,,,,,https://cdn.jsdelivr.net/gh/reximprimis/posters@main/shopify_thumbs/Zwierz%C4%99ta/photography/Golden_Hour_Dog_thumb.jpg,kg,,,active,
golden-hour-dog,,,,,,,,,Full Bleed,,,21 × 30 cm (A4),,,,,golden-hour-dog-full-21x30,0,,,deny,manual,25.00,,true,true,,,,,,https://cdn.jsdelivr.net/gh/reximprimis/posters@main/shopify_thumbs/Zwierz%C4%99ta/photography/Golden_Hour_Dog_ramka_thumb.jpg,2,,,,,,,,,,,,,,,https://cdn.jsdelivr.net/gh/reximprimis/posters@main/shopify_thumbs/Zwierz%C4%99ta/photography/Golden_Hour_Dog_ramka_thumb.jpg,kg,,,,
golden-hour-dog,,,,,,,,,White Border,,,13 × 18 cm (Small),,,,,golden-hour-dog-ramka-13x18,0,,,deny,manual,15.00,,true,true,,,,,,,,,,,,,,,,,,,,,,https://cdn.jsdelivr.net/gh/reximprimis/posters@main/shopify_thumbs/Zwierz%C4%99ta/photography/Golden_Hour_Dog_ramka_thumb.jpg,kg,,,,
golden-hour-dog,,,,,,,,,White Border,,,21 × 30 cm (A4),,,,,golden-hour-dog-ramka-21x30,0,,,deny,manual,25.00,,true,true,,,,,,,,,,,,,,,,,,,,,,https://cdn.jsdelivr.net/gh/reximprimis/posters@main/shopify_thumbs/Zwierz%C4%99ta/photography/Golden_Hour_Dog_ramka_thumb.jpg,kg,,,,
golden-retriever-puppy-play,Golden Retriever Puppy Play,"<p>Capture the essence of joy with this enchanting poster featuring a playful golden retriever puppy in mid-run, its ears flapping in the gentle breeze. Set against a soft, natural backdrop of lush grass, the warm, balanced tones and sharp details bring the puppy's exuberance to life in a candid moment of pure delight. This artwork invites a sense of tranquility and playfulness into any space, making it a perfect addition to your home’s decor.</p>",REXIMPRIMIS,,poster,"poster, zwierzeta, photography, size_13x18, size_21x30",true,Print Style,Full Bleed,,Size,13 × 18 cm (Small),,,,,golden-retriever-puppy-play-full-13x18,0,,,deny,manual,15.00,,true,true,,,,,,https://cdn.jsdelivr.net/gh/reximprimis/posters@main/shopify_thumbs/Zwierz%C4%99ta/photography/Golden_Retriever_Puppy_Play_thumb.jpg,1,,false,Golden Retriever Puppy Play | REXIMPRIMIS,"Capture the essence of joy with this enchanting poster featuring a playful golden retriever puppy in mid-run, its ears flapping in the gentle breeze. Set agains",,,,,,,,,,,https://cdn.jsdelivr.net/gh/reximprimis/posters@main/shopify_thumbs/Zwierz%C4%99ta/photography/Golden_Retriever_Puppy_Play_thumb.jpg,kg,,,active,
golden-retriever-puppy-play,,,,,,,,,Full Bleed,,,21 × 30 cm (A4),,,,,golden-retriever-puppy-play-full-21x30,0,,,deny,manual,25.00,,true,true,,,,,,https://cdn.jsdelivr.net/gh/reximprimis/posters@main/shopify_thumbs/Zwierz%C4%99ta/photography/Golden_Retriever_Puppy_Play_ramka_thumb.jpg,2,,,,,,,,,,,,,,,https://cdn.jsdelivr.net/gh/reximprimis/posters@main/shopify_thumbs/Zwierz%C4%99ta/photography/Golden_Retriever_Puppy_Play_ramka_thumb.jpg,kg,,,,
golden-retriever-puppy-play,,,,,,,,,White Border,,,13 × 18 cm (Small),,,,,golden-retriever-puppy-play-ramka-13x18,0,,,deny,manual,15.00,,true,true,,,,,,,,,,,,,,,,,,,,,,https://cdn.jsdelivr.net/gh/reximprimis/posters@main/shopify_thumbs/Zwierz%C4%99ta/photography/Golden_Retriever_Puppy_Play_ramka_thumb.jpg,kg,,,,
golden-retriever-puppy-play,,,,,,,,,White Border,,,21 × 30 cm (A4),,,,,golden-retriever-puppy-play-ramka-21x30,0,,,deny,manual,25.00,,true,true,,,,,,,,,,,,,,,,,,,,,,https://cdn.jsdelivr.net/gh/reximprimis/posters@main/shopify_thumbs/Zwierz%C4%99ta/photography/Golden_Retriever_Puppy_Play_ramka_thumb.jpg,kg,,,,
labrador-puppy-joy,Labrador Puppy Joy,"<p>Experience the pure delight of youthful innocence with our ""Labrador Puppy Joy"" poster. This captivating photograph captures a playful puppy basking in soft, natural light, surrounded by a serene outdoor setting that evokes warmth and tranquility. The gentle colors and heartwarming composition make it a perfect addition to any space, inviting joy and a sense of calm into your home.</p>",REXIMPRIMIS,,poster,"poster, zwierzeta, photography, size_13x18, size_21x30",true,Print Style,Full Bleed,,Size,13 × 18 cm (Small),,,,,labrador-puppy-joy-full-13x18,0,,,deny,manual,15.00,,true,true,,,,,,https://cdn.jsdelivr.net/gh/reximprimis/posters@main/shopify_thumbs/Zwierz%C4%99ta/photography/Labrador_Puppy_Joy_thumb.jpg,1,,false,Labrador Puppy Joy | REXIMPRIMIS,"Experience the pure delight of youthful innocence with our ""Labrador Puppy Joy"" poster. This captivating photograph captures a playful puppy basking in soft, na",,,,,,,,,,,https://cdn.jsdelivr.net/gh/reximprimis/posters@main/shopify_thumbs/Zwierz%C4%99ta/photography/Labrador_Puppy_Joy_thumb.jpg,kg,,,active,
labrador-puppy-joy,,,,,,,,,Full Bleed,,,21 × 30 cm (A4),,,,,labrador-puppy-joy-full-21x30,0,,,deny,manual,25.00,,true,true,,,,,,https://cdn.jsdelivr.net/gh/reximprimis/posters@main/shopify_thumbs/Zwierz%C4%99ta/photography/Labrador_Puppy_Joy_ramka_thumb.jpg,2,,,,,,,,,,,,,,,https://cdn.jsdelivr.net/gh/reximprimis/posters@main/shopify_thumbs/Zwierz%C4%99ta/photography/Labrador_Puppy_Joy_ramka_thumb.jpg,kg,,,,
labrador-puppy-joy,,,,,,,,,White Border,,,13 × 18 cm (Small),,,,,labrador-puppy-joy-ramka-13x18,0,,,deny,manual,15.00,,true,true,,,,,,,,,,,,,,,,,,,,,,https://cdn.jsdelivr.net/gh/reximprimis/posters@main/shopify_thumbs/Zwierz%C4%99ta/photography/Labrador_Puppy_Joy_ramka_thumb.jpg,kg,,,,
labrador-puppy-joy,,,,,,,,,White Border,,,21 × 30 cm (A4),,,,,labrador-puppy-joy-ramka-21x30,0,,,deny,manual,25.00,,true,true,,,,,,,,,,,,,,,,,,,,,,https://cdn.jsdelivr.net/gh/reximprimis/posters@main/shopify_thumbs/Zwierz%C4%99ta/photography/Labrador_Puppy_Joy_ramka_thumb.jpg,kg,,,,
border-collie-in-motion,Border Collie in Motion,"<p>Capturing the graceful spirit of a Border Collie in mid-stride, this poster embodies the essence of vitality and playfulness found in nature. The soft interplay of light and shadow highlights the dog's sleek form against a serene backdrop, inviting a sense of calm and joy into any space. Perfect for those who appreciate the beauty of movement and the bond between canine and landscape.</p>",REXIMPRIMIS,,poster,"poster, zwierzeta, photography, size_13x18, size_21x30",true,Print Style,Full Bleed,,Size,13 × 18 cm (Small),,,,,border-collie-in-motion-full-13x18,0,,,deny,manual,15.00,,true,true,,,,,,https://cdn.jsdelivr.net/gh/reximprimis/posters@main/shopify_thumbs/Zwierz%C4%99ta/photography/Border_Collie_in_Motion_thumb.jpg,1,,false,Border Collie in Motion | REXIMPRIMIS,"Capturing the graceful spirit of a Border Collie in mid-stride, this poster embodies the essence of vitality and playfulness found in nature. The soft interplay",,,,,,,,,,,https://cdn.jsdelivr.net/gh/reximprimis/posters@main/shopify_thumbs/Zwierz%C4%99ta/photography/Border_Collie_in_Motion_thumb.jpg,kg,,,active,
border-collie-in-motion,,,,,,,,,Full Bleed,,,21 × 30 cm (A4),,,,,border-collie-in-motion-full-21x30,0,,,deny,manual,25.00,,true,true,,,,,,https://cdn.jsdelivr.net/gh/reximprimis/posters@main/shopify_thumbs/Zwierz%C4%99ta/photography/Border_Collie_in_Motion_ramka_thumb.jpg,2,,,,,,,,,,,,,,,https://cdn.jsdelivr.net/gh/reximprimis/posters@main/shopify_thumbs/Zwierz%C4%99ta/photography/Border_Collie_in_Motion_ramka_thumb.jpg,kg,,,,
border-collie-in-motion,,,,,,,,,White Border,,,13 × 18 cm (Small),,,,,border-collie-in-motion-ramka-13x18,0,,,deny,manual,15.00,,true,true,,,,,,,,,,,,,,,,,,,,,,https://cdn.jsdelivr.net/gh/reximprimis/posters@main/shopify_thumbs/Zwierz%C4%99ta/photography/Border_Collie_in_Motion_ramka_thumb.jpg,kg,,,,
border-collie-in-motion,,,,,,,,,White Border,,,21 × 30 cm (A4),,,,,border-collie-in-motion-ramka-21x30,0,,,deny,manual,25.00,,true,true,,,,,,,,,,,,,,,,,,,,,,https://cdn.jsdelivr.net/gh/reximprimis/posters@main/shopify_thumbs/Zwierz%C4%99ta/photography/Border_Collie_in_Motion_ramka_thumb.jpg,kg,,,,
french-bulldog-puppy-portrait,French Bulldog Puppy Portrait,,REXIMPRIMIS,,poster,"poster, zwierzeta, photography, size_13x18, size_21x30",true,Print Style,Full Bleed,,Size,13 × 18 cm (Small),,,,,french-bulldog-puppy-portrait-full-13x18,0,,,deny,manual,15.00,,true,true,,,,,,https://cdn.jsdelivr.net/gh/reximprimis/posters@main/shopify_thumbs/Zwierz%C4%99ta/photography/French_Bulldog_Puppy_Portrait_thumb.jpg,1,,false,French Bulldog Puppy Portrait | REXIMPRIMIS,,,,,,,,,,,,https://cdn.jsdelivr.net/gh/reximprimis/posters@main/shopify_thumbs/Zwierz%C4%99ta/photography/French_Bulldog_Puppy_Portrait_thumb.jpg,kg,,,active,
french-bulldog-puppy-portrait,,,,,,,,,Full Bleed,,,21 × 30 cm (A4),,,,,french-bulldog-puppy-portrait-full-21x30,0,,,deny,manual,25.00,,true,true,,,,,,https://cdn.jsdelivr.net/gh/reximprimis/posters@main/shopify_thumbs/Zwierz%C4%99ta/photography/French_Bulldog_Puppy_Portrait_ramka_thumb.jpg,2,,,,,,,,,,,,,,,https://cdn.jsdelivr.net/gh/reximprimis/posters@main/shopify_thumbs/Zwierz%C4%99ta/photography/French_Bulldog_Puppy_Portrait_ramka_thumb.jpg,kg,,,,
french-bulldog-puppy-portrait,,,,,,,,,White Border,,,13 × 18 cm (Small),,,,,french-bulldog-puppy-portrait-ramka-13x18,0,,,deny,manual,15.00,,true,true,,,,,,,,,,,,,,,,,,,,,,https://cdn.jsdelivr.net/gh/reximprimis/posters@main/shopify_thumbs/Zwierz%C4%99ta/photography/French_Bulldog_Puppy_Portrait_ramka_thumb.jpg,kg,,,,
french-bulldog-puppy-portrait,,,,,,,,,White Border,,,21 × 30 cm (A4),,,,,french-bulldog-puppy-portrait-ramka-21x30,0,,,deny,manual,25.00,,true,true,,,,,,,,,,,,,,,,,,,,,,https://cdn.jsdelivr.net/gh/reximprimis/posters@main/shopify_thumbs/Zwierz%C4%99ta/photography/French_Bulldog_Puppy_Portrait_ramka_thumb.jpg,kg,,,,
german-shepherd-elegance,German Shepherd Elegance,"<p>This striking poster captures the noble beauty of a German Shepherd in a serene outdoor setting, evoking a sense of calm and grace. The soft, natural light highlights the dog's expressive features, while the harmonious color palette blends seamlessly with any interior. Perfect for dog lovers and nature enthusiasts alike, this artwork brings a touch of elegance to your space.</p>",REXIMPRIMIS,,poster,"poster, zwierzeta, photography, size_13x18, size_21x30",true,Print Style,Full Bleed,,Size,13 × 18 cm (Small),,,,,german-shepherd-elegance-full-13x18,0,,,deny,manual,15.00,,true,true,,,,,,https://cdn.jsdelivr.net/gh/reximprimis/posters@main/shopify_thumbs/Zwierz%C4%99ta/photography/German_Shepherd_Elegance_thumb.jpg,1,,false,German Shepherd Elegance | REXIMPRIMIS,"This striking poster captures the noble beauty of a German Shepherd in a serene outdoor setting, evoking a sense of calm and grace. The soft, natural light high",,,,,,,,,,,https://cdn.jsdelivr.net/gh/reximprimis/posters@main/shopify_thumbs/Zwierz%C4%99ta/photography/German_Shepherd_Elegance_thumb.jpg,kg,,,active,
german-shepherd-elegance,,,,,,,,,Full Bleed,,,21 × 30 cm (A4),,,,,german-shepherd-elegance-full-21x30,0,,,deny,manual,25.00,,true,true,,,,,,https://cdn.jsdelivr.net/gh/reximprimis/posters@main/shopify_thumbs/Zwierz%C4%99ta/photography/German_Shepherd_Elegance_ramka_thumb.jpg,2,,,,,,,,,,,,,,,https://cdn.jsdelivr.net/gh/reximprimis/posters@main/shopify_thumbs/Zwierz%C4%99ta/photography/German_Shepherd_Elegance_ramka_thumb.jpg,kg,,,,
german-shepherd-elegance,,,,,,,,,White Border,,,13 × 18 cm (Small),,,,,german-shepherd-elegance-ramka-13x18,0,,,deny,manual,15.00,,true,true,,,,,,,,,,,,,,,,,,,,,,https://cdn.jsdelivr.net/gh/reximprimis/posters@main/shopify_thumbs/Zwierz%C4%99ta/photography/German_Shepherd_Elegance_ramka_thumb.jpg,kg,,,,
german-shepherd-elegance,,,,,,,,,White Border,,,21 × 30 cm (A4),,,,,german-shepherd-elegance-ramka-21x30,0,,,deny,manual,25.00,,true,true,,,,,,,,,,,,,,,,,,,,,,https://cdn.jsdelivr.net/gh/reximprimis/posters@main/shopify_thumbs/Zwierz%C4%99ta/photography/German_Shepherd_Elegance_ramka_thumb.jpg,kg,,,,
airedale-terrier-golden-hour,Airedale Terrier Golden Hour,"<p>Immerse yourself in the serene beauty of an Airedale Terrier basking in the warm glow of golden hour. This captivating photograph captures the gentle interplay of light and shadow, highlighting the dog's expressive features against a backdrop of softly blurred nature. A perfect addition to any space, it invites a sense of calm and connection to the natural world.</p>",REXIMPRIMIS,,poster,"poster, zwierzeta, photography, size_13x18, size_21x30",true,Print Style,Full Bleed,,Size,13 × 18 cm (Small),,,,,airedale-terrier-golden-hour-full-13x18,0,,,deny,manual,15.00,,true,true,,,,,,https://cdn.jsdelivr.net/gh/reximprimis/posters@main/shopify_thumbs/Zwierz%C4%99ta/photography/Airedale_Terrier_Golden_Hour_thumb.jpg,1,,false,Airedale Terrier Golden Hour | REXIMPRIMIS,Immerse yourself in the serene beauty of an Airedale Terrier basking in the warm glow of golden hour. This captivating photograph captures the gentle interplay ,,,,,,,,,,,https://cdn.jsdelivr.net/gh/reximprimis/posters@main/shopify_thumbs/Zwierz%C4%99ta/photography/Airedale_Terrier_Golden_Hour_thumb.jpg,kg,,,active,
airedale-terrier-golden-hour,,,,,,,,,Full Bleed,,,21 × 30 cm (A4),,,,,airedale-terrier-golden-hour-full-21x30,0,,,deny,manual,25.00,,true,true,,,,,,https://cdn.jsdelivr.net/gh/reximprimis/posters@main/shopify_thumbs/Zwierz%C4%99ta/photography/Airedale_Terrier_Golden_Hour_ramka_thumb.jpg,2,,,,,,,,,,,,,,,https://cdn.jsdelivr.net/gh/reximprimis/posters@main/shopify_thumbs/Zwierz%C4%99ta/photography/Airedale_Terrier_Golden_Hour_ramka_thumb.jpg,kg,,,,
airedale-terrier-golden-hour,,,,,,,,,White Border,,,13 × 18 cm (Small),,,,,airedale-terrier-golden-hour-ramka-13x18,0,,,deny,manual,15.00,,true,true,,,,,,,,,,,,,,,,,,,,,,https://cdn.jsdelivr.net/gh/reximprimis/posters@main/shopify_thumbs/Zwierz%C4%99ta/photography/Airedale_Terrier_Golden_Hour_ramka_thumb.jpg,kg,,,,
airedale-terrier-golden-hour,,,,,,,,,White Border,,,21 × 30 cm (A4),,,,,airedale-terrier-golden-hour-ramka-21x30,0,,,deny,manual,25.00,,true,true,,,,,,,,,,,,,,,,,,,,,,https://cdn.jsdelivr.net/gh/reximprimis/posters@main/shopify_thumbs/Zwierz%C4%99ta/photography/Airedale_Terrier_Golden_Hour_ramka_thumb.jpg,kg,,,,
airedale-terrier-puppy-play,Airedale Terrier Puppy Play,"<p>Capture the joyful spirit of youth with this enchanting photograph of an Airedale Terrier puppy at play. The soft, natural light bathes the scene in warmth, highlighting the puppy's playful demeanor against a serene backdrop. This image brings a touch of whimsy and charm to any space, inviting a sense of calm and happiness.</p>",REXIMPRIMIS,,poster,"poster, zwierzeta, photography, size_13x18, size_21x30",true,Print Style,Full Bleed,,Size,13 × 18 cm (Small),,,,,airedale-terrier-puppy-play-full-13x18,0,,,deny,manual,15.00,,true,true,,,,,,https://cdn.jsdelivr.net/gh/reximprimis/posters@main/shopify_thumbs/Zwierz%C4%99ta/photography/Airedale_Terrier_Puppy_Play_thumb.jpg,1,,false,Airedale Terrier Puppy Play | REXIMPRIMIS,"Capture the joyful spirit of youth with this enchanting photograph of an Airedale Terrier puppy at play. The soft, natural light bathes the scene in warmth, hig",,,,,,,,,,,https://cdn.jsdelivr.net/gh/reximprimis/posters@main/shopify_thumbs/Zwierz%C4%99ta/photography/Airedale_Terrier_Puppy_Play_thumb.jpg,kg,,,active,
airedale-terrier-puppy-play,,,,,,,,,Full Bleed,,,21 × 30 cm (A4),,,,,airedale-terrier-puppy-play-full-21x30,0,,,deny,manual,25.00,,true,true,,,,,,https://cdn.jsdelivr.net/gh/reximprimis/posters@main/shopify_thumbs/Zwierz%C4%99ta/photography/Airedale_Terrier_Puppy_Play_ramka_thumb.jpg,2,,,,,,,,,,,,,,,https://cdn.jsdelivr.net/gh/reximprimis/posters@main/shopify_thumbs/Zwierz%C4%99ta/photography/Airedale_Terrier_Puppy_Play_ramka_thumb.jpg,kg,,,,
airedale-terrier-puppy-play,,,,,,,,,White Border,,,13 × 18 cm (Small),,,,,airedale-terrier-puppy-play-ramka-13x18,0,,,deny,manual,15.00,,true,true,,,,,,,,,,,,,,,,,,,,,,https://cdn.jsdelivr.net/gh/reximprimis/posters@main/shopify_thumbs/Zwierz%C4%99ta/photography/Airedale_Terrier_Puppy_Play_ramka_thumb.jpg,kg,,,,
airedale-terrier-puppy-play,,,,,,,,,White Border,,,21 × 30 cm (A4),,,,,airedale-terrier-puppy-play-ramka-21x30,0,,,deny,manual,25.00,,true,true,,,,,,,,,,,,,,,,,,,,,,https://cdn.jsdelivr.net/gh/reximprimis/posters@main/shopify_thumbs/Zwierz%C4%99ta/photography/Airedale_Terrier_Puppy_Play_ramka_thumb.jpg,kg,,,,
black-miniature-schnauzer-portrait,Black Miniature Schnauzer Portrait,,REXIMPRIMIS,,poster,"poster, zwierzeta, photography, size_13x18, size_21x30",true,Print Style,Full Bleed,,Size,13 × 18 cm (Small),,,,,black-miniature-schnauzer-portrait-full-13x18,0,,,deny,manual,15.00,,true,true,,,,,,https://cdn.jsdelivr.net/gh/reximprimis/posters@main/shopify_thumbs/Zwierz%C4%99ta/photography/Black_Miniature_Schnauzer_Portrait_thumb.jpg,1,,false,Black Miniature Schnauzer Portrait | REXIMPRIMIS,,,,,,,,,,,,https://cdn.jsdelivr.net/gh/reximprimis/posters@main/shopify_thumbs/Zwierz%C4%99ta/photography/Black_Miniature_Schnauzer_Portrait_thumb.jpg,kg,,,active,
black-miniature-schnauzer-portrait,,,,,,,,,Full Bleed,,,21 × 30 cm (A4),,,,,black-miniature-schnauzer-portrait-full-21x30,0,,,deny,manual,25.00,,true,true,,,,,,https://cdn.jsdelivr.net/gh/reximprimis/posters@main/shopify_thumbs/Zwierz%C4%99ta/photography/Black_Miniature_Schnauzer_Portrait_ramka_thumb.jpg,2,,,,,,,,,,,,,,,https://cdn.jsdelivr.net/gh/reximprimis/posters@main/shopify_thumbs/Zwierz%C4%99ta/photography/Black_Miniature_Schnauzer_Portrait_ramka_thumb.jpg,kg,,,,
black-miniature-schnauzer-portrait,,,,,,,,,White Border,,,13 × 18 cm (Small),,,,,black-miniature-schnauzer-portrait-ramka-13x18,0,,,deny,manual,15.00,,true,true,,,,,,,,,,,,,,,,,,,,,,https://cdn.jsdelivr.net/gh/reximprimis/posters@main/shopify_thumbs/Zwierz%C4%99ta/photography/Black_Miniature_Schnauzer_Portrait_ramka_thumb.jpg,kg,,,,
black-miniature-schnauzer-portrait,,,,,,,,,White Border,,,21 × 30 cm (A4),,,,,black-miniature-schnauzer-portrait-ramka-21x30,0,,,deny,manual,25.00,,true,true,,,,,,,,,,,,,,,,,,,,,,https://cdn.jsdelivr.net/gh/reximprimis/posters@main/shopify_thumbs/Zwierz%C4%99ta/photography/Black_Miniature_Schnauzer_Portrait_ramka_thumb.jpg,kg,,,,
black-schnauzer-portrait,Black Schnauzer Portrait,,REXIMPRIMIS,,poster,"poster, zwierzeta, photography, size_13x18, size_21x30",true,Print Style,Full Bleed,,Size,13 × 18 cm (Small),,,,,black-schnauzer-portrait-full-13x18,0,,,deny,manual,15.00,,true,true,,,,,,https://cdn.jsdelivr.net/gh/reximprimis/posters@main/shopify_thumbs/Zwierz%C4%99ta/photography/Black_Schnauzer_Portrait_thumb.jpg,1,,false,Black Schnauzer Portrait | REXIMPRIMIS,,,,,,,,,,,,https://cdn.jsdelivr.net/gh/reximprimis/posters@main/shopify_thumbs/Zwierz%C4%99ta/photography/Black_Schnauzer_Portrait_thumb.jpg,kg,,,active,
black-schnauzer-portrait,,,,,,,,,Full Bleed,,,21 × 30 cm (A4),,,,,black-schnauzer-portrait-full-21x30,0,,,deny,manual,25.00,,true,true,,,,,,https://cdn.jsdelivr.net/gh/reximprimis/posters@main/shopify_thumbs/Zwierz%C4%99ta/photography/Black_Schnauzer_Portrait_ramka_thumb.jpg,2,,,,,,,,,,,,,,,https://cdn.jsdelivr.net/gh/reximprimis/posters@main/shopify_thumbs/Zwierz%C4%99ta/photography/Black_Schnauzer_Portrait_ramka_thumb.jpg,kg,,,,
black-schnauzer-portrait,,,,,,,,,White Border,,,13 × 18 cm (Small),,,,,black-schnauzer-portrait-ramka-13x18,0,,,deny,manual,15.00,,true,true,,,,,,,,,,,,,,,,,,,,,,https://cdn.jsdelivr.net/gh/reximprimis/posters@main/shopify_thumbs/Zwierz%C4%99ta/photography/Black_Schnauzer_Portrait_ramka_thumb.jpg,kg,,,,
black-schnauzer-portrait,,,,,,,,,White Border,,,21 × 30 cm (A4),,,,,black-schnauzer-portrait-ramka-21x30,0,,,deny,manual,25.00,,true,true,,,,,,,,,,,,,,,,,,,,,,https://cdn.jsdelivr.net/gh/reximprimis/posters@main/shopify_thumbs/Zwierz%C4%99ta/photography/Black_Schnauzer_Portrait_ramka_thumb.jpg,kg,,,,
cavalier-king-charles-spaniel-portrait,Cavalier King Charles Spaniel Portrait,"<p>This exquisite portrait captures the noble spirit of the Cavalier King Charles Spaniel, showcasing its expressive eyes and gentle demeanor. The soft lighting and warm color palette evoke a sense of tranquility, making it a perfect addition to any space that celebrates the beauty of companionship. Elevate your decor with this tasteful representation of one of the most beloved breeds.</p>",REXIMPRIMIS,,poster,"poster, zwierzeta, photography, size_13x18, size_21x30",true,Print Style,Full Bleed,,Size,13 × 18 cm (Small),,,,,cavalier-king-charles-spaniel-portrait-full-13x18,0,,,deny,manual,15.00,,true,true,,,,,,https://cdn.jsdelivr.net/gh/reximprimis/posters@main/shopify_thumbs/Zwierz%C4%99ta/photography/Cavalier_King_Charles_Spaniel_Portrait_thumb.jpg,1,,false,Cavalier King Charles Spaniel Portrait | REXIMPRIMIS,"This exquisite portrait captures the noble spirit of the Cavalier King Charles Spaniel, showcasing its expressive eyes and gentle demeanor. The soft lighting an",,,,,,,,,,,https://cdn.jsdelivr.net/gh/reximprimis/posters@main/shopify_thumbs/Zwierz%C4%99ta/photography/Cavalier_King_Charles_Spaniel_Portrait_thumb.jpg,kg,,,active,
cavalier-king-charles-spaniel-portrait,,,,,,,,,Full Bleed,,,21 × 30 cm (A4),,,,,cavalier-king-charles-spaniel-portrait-full-21x30,0,,,deny,manual,25.00,,true,true,,,,,,https://cdn.jsdelivr.net/gh/reximprimis/posters@main/shopify_thumbs/Zwierz%C4%99ta/photography/Cavalier_King_Charles_Spaniel_Portrait_ramka_thumb.jpg,2,,,,,,,,,,,,,,,https://cdn.jsdelivr.net/gh/reximprimis/posters@main/shopify_thumbs/Zwierz%C4%99ta/photography/Cavalier_King_Charles_Spaniel_Portrait_ramka_thumb.jpg,kg,,,,
cavalier-king-charles-spaniel-portrait,,,,,,,,,White Border,,,13 × 18 cm (Small),,,,,cavalier-king-charles-spaniel-portrait-ramka-13x18,0,,,deny,manual,15.00,,true,true,,,,,,,,,,,,,,,,,,,,,,https://cdn.jsdelivr.net/gh/reximprimis/posters@main/shopify_thumbs/Zwierz%C4%99ta/photography/Cavalier_King_Charles_Spaniel_Portrait_ramka_thumb.jpg,kg,,,,
cavalier-king-charles-spaniel-portrait,,,,,,,,,White Border,,,21 × 30 cm (A4),,,,,cavalier-king-charles-spaniel-portrait-ramka-21x30,0,,,deny,manual,25.00,,true,true,,,,,,,,,,,,,,,,,,,,,,https://cdn.jsdelivr.net/gh/reximprimis/posters@main/shopify_thumbs/Zwierz%C4%99ta/photography/Cavalier_King_Charles_Spaniel_Portrait_ramka_thumb.jpg,kg,,,,
black-miniature-schnauzer-puppy-play,Black Miniature Schnauzer Puppy Play,"<p>This charming poster captures the playful spirit of a black miniature Schnauzer puppy, showcasing its lively nature in a soft, natural setting. The gentle lighting and serene composition invite a sense of warmth and joy, making it a delightful addition to any space. Perfect for dog lovers, this piece brings a touch of whimsy and companionship to your home decor.</p>",REXIMPRIMIS,,poster,"poster, zwierzeta, photography, size_13x18, size_21x30",true,Print Style,Full Bleed,,Size,13 × 18 cm (Small),,,,,black-miniature-schnauzer-puppy-play-full-13x18,0,,,deny,manual,15.00,,true,true,,,,,,https://cdn.jsdelivr.net/gh/reximprimis/posters@main/shopify_thumbs/Zwierz%C4%99ta/photography/Black_Miniature_Schnauzer_Puppy_Play_thumb.jpg,1,,false,Black Miniature Schnauzer Puppy Play | REXIMPRIMIS,"This charming poster captures the playful spirit of a black miniature Schnauzer puppy, showcasing its lively nature in a soft, natural setting. The gentle light",,,,,,,,,,,https://cdn.jsdelivr.net/gh/reximprimis/posters@main/shopify_thumbs/Zwierz%C4%99ta/photography/Black_Miniature_Schnauzer_Puppy_Play_thumb.jpg,kg,,,active,
black-miniature-schnauzer-puppy-play,,,,,,,,,Full Bleed,,,21 × 30 cm (A4),,,,,black-miniature-schnauzer-puppy-play-full-21x30,0,,,deny,manual,25.00,,true,true,,,,,,https://cdn.jsdelivr.net/gh/reximprimis/posters@main/shopify_thumbs/Zwierz%C4%99ta/photography/Black_Miniature_Schnauzer_Puppy_Play_ramka_thumb.jpg,2,,,,,,,,,,,,,,,https://cdn.jsdelivr.net/gh/reximprimis/posters@main/shopify_thumbs/Zwierz%C4%99ta/photography/Black_Miniature_Schnauzer_Puppy_Play_ramka_thumb.jpg,kg,,,,
black-miniature-schnauzer-puppy-play,,,,,,,,,White Border,,,13 × 18 cm (Small),,,,,black-miniature-schnauzer-puppy-play-ramka-13x18,0,,,deny,manual,15.00,,true,true,,,,,,,,,,,,,,,,,,,,,,https://cdn.jsdelivr.net/gh/reximprimis/posters@main/shopify_thumbs/Zwierz%C4%99ta/photography/Black_Miniature_Schnauzer_Puppy_Play_ramka_thumb.jpg,kg,,,,
black-miniature-schnauzer-puppy-play,,,,,,,,,White Border,,,21 × 30 cm (A4),,,,,black-miniature-schnauzer-puppy-play-ramka-21x30,0,,,deny,manual,25.00,,true,true,,,,,,,,,,,,,,,,,,,,,,https://cdn.jsdelivr.net/gh/reximprimis/posters@main/shopify_thumbs/Zwierz%C4%99ta/photography/Black_Miniature_Schnauzer_Puppy_Play_ramka_thumb.jpg,kg,,,,
british-shorthair-kitten-play,British Shorthair Kitten Play,"<p>Capture the playful spirit of a British Shorthair kitten in this charming photographic poster. The soft lighting and gentle colors create a serene atmosphere, inviting warmth and joy into any space. Perfect for cat lovers, this artwork adds a touch of whimsy and tranquility to your home decor.</p>",REXIMPRIMIS,,poster,"poster, zwierzeta, photography, size_13x18, size_21x30",true,Print Style,Full Bleed,,Size,13 × 18 cm (Small),,,,,british-shorthair-kitten-play-full-13x18,0,,,deny,manual,15.00,,true,true,,,,,,https://cdn.jsdelivr.net/gh/reximprimis/posters@main/shopify_thumbs/Zwierz%C4%99ta/photography/British_Shorthair_Kitten_Play_thumb.jpg,1,,false,British Shorthair Kitten Play | REXIMPRIMIS,"Capture the playful spirit of a British Shorthair kitten in this charming photographic poster. The soft lighting and gentle colors create a serene atmosphere, i",,,,,,,,,,,https://cdn.jsdelivr.net/gh/reximprimis/posters@main/shopify_thumbs/Zwierz%C4%99ta/photography/British_Shorthair_Kitten_Play_thumb.jpg,kg,,,active,
british-shorthair-kitten-play,,,,,,,,,Full Bleed,,,21 × 30 cm (A4),,,,,british-shorthair-kitten-play-full-21x30,0,,,deny,manual,25.00,,true,true,,,,,,https://cdn.jsdelivr.net/gh/reximprimis/posters@main/shopify_thumbs/Zwierz%C4%99ta/photography/British_Shorthair_Kitten_Play_ramka_thumb.jpg,2,,,,,,,,,,,,,,,https://cdn.jsdelivr.net/gh/reximprimis/posters@main/shopify_thumbs/Zwierz%C4%99ta/photography/British_Shorthair_Kitten_Play_ramka_thumb.jpg,kg,,,,
british-shorthair-kitten-play,,,,,,,,,White Border,,,13 × 18 cm (Small),,,,,british-shorthair-kitten-play-ramka-13x18,0,,,deny,manual,15.00,,true,true,,,,,,,,,,,,,,,,,,,,,,https://cdn.jsdelivr.net/gh/reximprimis/posters@main/shopify_thumbs/Zwierz%C4%99ta/photography/British_Shorthair_Kitten_Play_ramka_thumb.jpg,kg,,,,
british-shorthair-kitten-play,,,,,,,,,White Border,,,21 × 30 cm (A4),,,,,british-shorthair-kitten-play-ramka-21x30,0,,,deny,manual,25.00,,true,true,,,,,,,,,,,,,,,,,,,,,,https://cdn.jsdelivr.net/gh/reximprimis/posters@main/shopify_thumbs/Zwierz%C4%99ta/photography/British_Shorthair_Kitten_Play_ramka_thumb.jpg,kg,,,,
cavalier-king-charles-puppy-play,Cavalier King Charles Puppy Play,"<p>This enchanting poster captures the playful spirit of a Cavalier King Charles puppy, showcasing its joyful nature in a soft, natural setting. The gentle light and harmonious color palette evoke a sense of warmth and tranquility, making it a perfect addition to any space that celebrates the beauty of life's simple moments. Let this delightful image bring a touch of charm and serenity to your home.</p>",REXIMPRIMIS,,poster,"poster, zwierzeta, photography, size_13x18, size_21x30",true,Print Style,Full Bleed,,Size,13 × 18 cm (Small),,,,,cavalier-king-charles-puppy-play-full-13x18,0,,,deny,manual,15.00,,true,true,,,,,,https://cdn.jsdelivr.net/gh/reximprimis/posters@main/shopify_thumbs/Zwierz%C4%99ta/photography/Cavalier_King_Charles_Puppy_Play_thumb.jpg,1,,false,Cavalier King Charles Puppy Play | REXIMPRIMIS,"This enchanting poster captures the playful spirit of a Cavalier King Charles puppy, showcasing its joyful nature in a soft, natural setting. The gentle light a",,,,,,,,,,,https://cdn.jsdelivr.net/gh/reximprimis/posters@main/shopify_thumbs/Zwierz%C4%99ta/photography/Cavalier_King_Charles_Puppy_Play_thumb.jpg,kg,,,active,
cavalier-king-charles-puppy-play,,,,,,,,,Full Bleed,,,21 × 30 cm (A4),,,,,cavalier-king-charles-puppy-play-full-21x30,0,,,deny,manual,25.00,,true,true,,,,,,https://cdn.jsdelivr.net/gh/reximprimis/posters@main/shopify_thumbs/Zwierz%C4%99ta/photography/Cavalier_King_Charles_Puppy_Play_ramka_thumb.jpg,2,,,,,,,,,,,,,,,https://cdn.jsdelivr.net/gh/reximprimis/posters@main/shopify_thumbs/Zwierz%C4%99ta/photography/Cavalier_King_Charles_Puppy_Play_ramka_thumb.jpg,kg,,,,
cavalier-king-charles-puppy-play,,,,,,,,,White Border,,,13 × 18 cm (Small),,,,,cavalier-king-charles-puppy-play-ramka-13x18,0,,,deny,manual,15.00,,true,true,,,,,,,,,,,,,,,,,,,,,,https://cdn.jsdelivr.net/gh/reximprimis/posters@main/shopify_thumbs/Zwierz%C4%99ta/photography/Cavalier_King_Charles_Puppy_Play_ramka_thumb.jpg,kg,,,,
cavalier-king-charles-puppy-play,,,,,,,,,White Border,,,21 × 30 cm (A4),,,,,cavalier-king-charles-puppy-play-ramka-21x30,0,,,deny,manual,25.00,,true,true,,,,,,,,,,,,,,,,,,,,,,https://cdn.jsdelivr.net/gh/reximprimis/posters@main/shopify_thumbs/Zwierz%C4%99ta/photography/Cavalier_King_Charles_Puppy_Play_ramka_thumb.jpg,kg,,,,
maine-coon-kitten-play,Maine Coon Kitten Play,"<p>Capturing the playful spirit of a Maine Coon kitten, this enchanting poster invites warmth and whimsy into your space. Bathed in soft, natural light, the composition highlights the kitten's delicate features and vibrant fur against a serene backdrop, creating a tranquil focal point for any room. Perfect for cat lovers and those seeking a touch of nature's charm, this piece effortlessly blends joy with elegance.</p>",REXIMPRIMIS,,poster,"poster, zwierzeta, photography, size_13x18, size_21x30",true,Print Style,Full Bleed,,Size,13 × 18 cm (Small),,,,,maine-coon-kitten-play-full-13x18,0,,,deny,manual,15.00,,true,true,,,,,,https://cdn.jsdelivr.net/gh/reximprimis/posters@main/shopify_thumbs/Zwierz%C4%99ta/photography/Maine_Coon_Kitten_Play_thumb.jpg,1,,false,Maine Coon Kitten Play | REXIMPRIMIS,"Capturing the playful spirit of a Maine Coon kitten, this enchanting poster invites warmth and whimsy into your space. Bathed in soft, natural light, the compos",,,,,,,,,,,https://cdn.jsdelivr.net/gh/reximprimis/posters@main/shopify_thumbs/Zwierz%C4%99ta/photography/Maine_Coon_Kitten_Play_thumb.jpg,kg,,,active,
maine-coon-kitten-play,,,,,,,,,Full Bleed,,,21 × 30 cm (A4),,,,,maine-coon-kitten-play-full-21x30,0,,,deny,manual,25.00,,true,true,,,,,,https://cdn.jsdelivr.net/gh/reximprimis/posters@main/shopify_thumbs/Zwierz%C4%99ta/photography/Maine_Coon_Kitten_Play_ramka_thumb.jpg,2,,,,,,,,,,,,,,,https://cdn.jsdelivr.net/gh/reximprimis/posters@main/shopify_thumbs/Zwierz%C4%99ta/photography/Maine_Coon_Kitten_Play_ramka_thumb.jpg,kg,,,,
maine-coon-kitten-play,,,,,,,,,White Border,,,13 × 18 cm (Small),,,,,maine-coon-kitten-play-ramka-13x18,0,,,deny,manual,15.00,,true,true,,,,,,,,,,,,,,,,,,,,,,https://cdn.jsdelivr.net/gh/reximprimis/posters@main/shopify_thumbs/Zwierz%C4%99ta/photography/Maine_Coon_Kitten_Play_ramka_thumb.jpg,kg,,,,
maine-coon-kitten-play,,,,,,,,,White Border,,,21 × 30 cm (A4),,,,,maine-coon-kitten-play-ramka-21x30,0,,,deny,manual,25.00,,true,true,,,,,,,,,,,,,,,,,,,,,,https://cdn.jsdelivr.net/gh/reximprimis/posters@main/shopify_thumbs/Zwierz%C4%99ta/photography/Maine_Coon_Kitten_Play_ramka_thumb.jpg,kg,,,,
siberian-husky-portrait,Siberian Husky Portrait,,REXIMPRIMIS,,poster,"poster, zwierzeta, photography, size_13x18, size_21x30",true,Print Style,Full Bleed,,Size,13 × 18 cm (Small),,,,,siberian-husky-portrait-full-13x18,0,,,deny,manual,15.00,,true,true,,,,,,https://cdn.jsdelivr.net/gh/reximprimis/posters@main/shopify_thumbs/Zwierz%C4%99ta/photography/Siberian_Husky_Portrait_thumb.jpg,1,,false,Siberian Husky Portrait | REXIMPRIMIS,,,,,,,,,,,,https://cdn.jsdelivr.net/gh/reximprimis/posters@main/shopify_thumbs/Zwierz%C4%99ta/photography/Siberian_Husky_Portrait_thumb.jpg,kg,,,active,
siberian-husky-portrait,,,,,,,,,Full Bleed,,,21 × 30 cm (A4),,,,,siberian-husky-portrait-full-21x30,0,,,deny,manual,25.00,,true,true,,,,,,https://cdn.jsdelivr.net/gh/reximprimis/posters@main/shopify_thumbs/Zwierz%C4%99ta/photography/Siberian_Husky_Portrait_ramka_thumb.jpg,2,,,,,,,,,,,,,,,https://cdn.jsdelivr.net/gh/reximprimis/posters@main/shopify_thumbs/Zwierz%C4%99ta/photography/Siberian_Husky_Portrait_ramka_thumb.jpg,kg,,,,
siberian-husky-portrait,,,,,,,,,White Border,,,13 × 18 cm (Small),,,,,siberian-husky-portrait-ramka-13x18,0,,,deny,manual,15.00,,true,true,,,,,,,,,,,,,,,,,,,,,,https://cdn.jsdelivr.net/gh/reximprimis/posters@main/shopify_thumbs/Zwierz%C4%99ta/photography/Siberian_Husky_Portrait_ramka_thumb.jpg,kg,,,,
siberian-husky-portrait,,,,,,,,,White Border,,,21 × 30 cm (A4),,,,,siberian-husky-portrait-ramka-21x30,0,,,deny,manual,25.00,,true,true,,,,,,,,,,,,,,,,,,,,,,https://cdn.jsdelivr.net/gh/reximprimis/posters@main/shopify_thumbs/Zwierz%C4%99ta/photography/Siberian_Husky_Portrait_ramka_thumb.jpg,kg,,,,
delicate-magnolia-branch,Delicate Magnolia Branch,,REXIMPRIMIS,,poster,"poster, botanika, photography, size_13x18, size_21x30",true,Print Style,Full Bleed,,Size,13 × 18 cm (Small),,,,,delicate-magnolia-branch-full-13x18,0,,,deny,manual,15.00,,true,true,,,,,,https://cdn.jsdelivr.net/gh/reximprimis/posters@main/shopify_thumbs/Botanika/photography/Delicate_Magnolia_Branch_thumb.jpg,1,,false,Delicate Magnolia Branch | REXIMPRIMIS,,,,,,,,,,,,https://cdn.jsdelivr.net/gh/reximprimis/posters@main/shopify_thumbs/Botanika/photography/Delicate_Magnolia_Branch_thumb.jpg,kg,,,active,
delicate-magnolia-branch,,,,,,,,,Full Bleed,,,21 × 30 cm (A4),,,,,delicate-magnolia-branch-full-21x30,0,,,deny,manual,25.00,,true,true,,,,,,https://cdn.jsdelivr.net/gh/reximprimis/posters@main/shopify_thumbs/Botanika/photography/Delicate_Magnolia_Branch_ramka_thumb.jpg,2,,,,,,,,,,,,,,,https://cdn.jsdelivr.net/gh/reximprimis/posters@main/shopify_thumbs/Botanika/photography/Delicate_Magnolia_Branch_ramka_thumb.jpg,kg,,,,
delicate-magnolia-branch,,,,,,,,,White Border,,,13 × 18 cm (Small),,,,,delicate-magnolia-branch-ramka-13x18,0,,,deny,manual,15.00,,true,true,,,,,,,,,,,,,,,,,,,,,,https://cdn.jsdelivr.net/gh/reximprimis/posters@main/shopify_thumbs/Botanika/photography/Delicate_Magnolia_Branch_ramka_thumb.jpg,kg,,,,
delicate-magnolia-branch,,,,,,,,,White Border,,,21 × 30 cm (A4),,,,,delicate-magnolia-branch-ramka-21x30,0,,,deny,manual,25.00,,true,true,,,,,,,,,,,,,,,,,,,,,,https://cdn.jsdelivr.net/gh/reximprimis/posters@main/shopify_thumbs/Botanika/photography/Delicate_Magnolia_Branch_ramka_thumb.jpg,kg,,,,
maine-coon-portrait,Maine Coon Portrait,,REXIMPRIMIS,,poster,"poster, zwierzeta, photography, size_13x18, size_21x30",true,Print Style,Full Bleed,,Size,13 × 18 cm (Small),,,,,maine-coon-portrait-full-13x18,0,,,deny,manual,15.00,,true,true,,,,,,https://cdn.jsdelivr.net/gh/reximprimis/posters@main/shopify_thumbs/Zwierz%C4%99ta/photography/Maine_Coon_Portrait_thumb.jpg,1,,false,Maine Coon Portrait | REXIMPRIMIS,,,,,,,,,,,,https://cdn.jsdelivr.net/gh/reximprimis/posters@main/shopify_thumbs/Zwierz%C4%99ta/photography/Maine_Coon_Portrait_thumb.jpg,kg,,,active,
maine-coon-portrait,,,,,,,,,Full Bleed,,,21 × 30 cm (A4),,,,,maine-coon-portrait-full-21x30,0,,,deny,manual,25.00,,true,true,,,,,,https://cdn.jsdelivr.net/gh/reximprimis/posters@main/shopify_thumbs/Zwierz%C4%99ta/photography/Maine_Coon_Portrait_ramka_thumb.jpg,2,,,,,,,,,,,,,,,https://cdn.jsdelivr.net/gh/reximprimis/posters@main/shopify_thumbs/Zwierz%C4%99ta/photography/Maine_Coon_Portrait_ramka_thumb.jpg,kg,,,,
maine-coon-portrait,,,,,,,,,White Border,,,13 × 18 cm (Small),,,,,maine-coon-portrait-ramka-13x18,0,,,deny,manual,15.00,,true,true,,,,,,,,,,,,,,,,,,,,,,https://cdn.jsdelivr.net/gh/reximprimis/posters@main/shopify_thumbs/Zwierz%C4%99ta/photography/Maine_Coon_Portrait_ramka_thumb.jpg,kg,,,,
maine-coon-portrait,,,,,,,,,White Border,,,21 × 30 cm (A4),,,,,maine-coon-portrait-ramka-21x30,0,,,deny,manual,25.00,,true,true,,,,,,,,,,,,,,,,,,,,,,https://cdn.jsdelivr.net/gh/reximprimis/posters@main/shopify_thumbs/Zwierz%C4%99ta/photography/Maine_Coon_Portrait_ramka_thumb.jpg,kg,,,,
balanced-forms,Balanced Forms,"<p>Embrace tranquility with ""Balanced Forms,"" a minimalist abstract poster that invites contemplation and calm into your space. The harmonious composition and soft palette create a serene atmosphere, making it a perfect addition to any modern interior. Let this artwork inspire a sense of balance and peace in your surroundings.</p>",REXIMPRIMIS,,poster,"poster, abstrakcja, minimalism, size_13x18, size_21x30",true,Print Style,Full Bleed,,Size,13 × 18 cm (Small),,,,,balanced-forms-full-13x18,0,,,deny,manual,15.00,,true,true,,,,,,https://cdn.jsdelivr.net/gh/reximprimis/posters@main/shopify_thumbs/Abstrakcja/minimalism/Balanced_Forms_thumb.jpg,1,,false,Balanced Forms | REXIMPRIMIS,"Embrace tranquility with ""Balanced Forms,"" a minimalist abstract poster that invites contemplation and calm into your space. The harmonious composition and soft",,,,,,,,,,,https://cdn.jsdelivr.net/gh/reximprimis/posters@main/shopify_thumbs/Abstrakcja/minimalism/Balanced_Forms_thumb.jpg,kg,,,active,
balanced-forms,,,,,,,,,Full Bleed,,,21 × 30 cm (A4),,,,,balanced-forms-full-21x30,0,,,deny,manual,25.00,,true,true,,,,,,https://cdn.jsdelivr.net/gh/reximprimis/posters@main/shopify_thumbs/Abstrakcja/minimalism/Balanced_Forms_ramka_thumb.jpg,2,,,,,,,,,,,,,,,https://cdn.jsdelivr.net/gh/reximprimis/posters@main/shopify_thumbs/Abstrakcja/minimalism/Balanced_Forms_ramka_thumb.jpg,kg,,,,
balanced-forms,,,,,,,,,White Border,,,13 × 18 cm (Small),,,,,balanced-forms-ramka-13x18,0,,,deny,manual,15.00,,true,true,,,,,,,,,,,,,,,,,,,,,,https://cdn.jsdelivr.net/gh/reximprimis/posters@main/shopify_thumbs/Abstrakcja/minimalism/Balanced_Forms_ramka_thumb.jpg,kg,,,,
balanced-forms,,,,,,,,,White Border,,,21 × 30 cm (A4),,,,,balanced-forms-ramka-21x30,0,,,deny,manual,25.00,,true,true,,,,,,,,,,,,,,,,,,,,,,https://cdn.jsdelivr.net/gh/reximprimis/posters@main/shopify_thumbs/Abstrakcja/minimalism/Balanced_Forms_ramka_thumb.jpg,kg,,,,
soft-flow,Soft Flow,,REXIMPRIMIS,,poster,"poster, abstrakcja, abstract, size_13x18, size_21x30",true,Print Style,Full Bleed,,Size,13 × 18 cm (Small),,,,,soft-flow-full-13x18,0,,,deny,manual,15.00,,true,true,,,,,,https://cdn.jsdelivr.net/gh/reximprimis/posters@main/shopify_thumbs/Abstrakcja/abstract/Soft_Flow_thumb.jpg,1,,false,Soft Flow | REXIMPRIMIS,,,,,,,,,,,,https://cdn.jsdelivr.net/gh/reximprimis/posters@main/shopify_thumbs/Abstrakcja/abstract/Soft_Flow_thumb.jpg,kg,,,active,
soft-flow,,,,,,,,,Full Bleed,,,21 × 30 cm (A4),,,,,soft-flow-full-21x30,0,,,deny,manual,25.00,,true,true,,,,,,https://cdn.jsdelivr.net/gh/reximprimis/posters@main/shopify_thumbs/Abstrakcja/abstract/Soft_Flow_ramka_thumb.jpg,2,,,,,,,,,,,,,,,https://cdn.jsdelivr.net/gh/reximprimis/posters@main/shopify_thumbs/Abstrakcja/abstract/Soft_Flow_ramka_thumb.jpg,kg,,,,
soft-flow,,,,,,,,,White Border,,,13 × 18 cm (Small),,,,,soft-flow-ramka-13x18,0,,,deny,manual,15.00,,true,true,,,,,,,,,,,,,,,,,,,,,,https://cdn.jsdelivr.net/gh/reximprimis/posters@main/shopify_thumbs/Abstrakcja/abstract/Soft_Flow_ramka_thumb.jpg,kg,,,,
soft-flow,,,,,,,,,White Border,,,21 × 30 cm (A4),,,,,soft-flow-ramka-21x30,0,,,deny,manual,25.00,,true,true,,,,,,,,,,,,,,,,,,,,,,https://cdn.jsdelivr.net/gh/reximprimis/posters@main/shopify_thumbs/Abstrakcja/abstract/Soft_Flow_ramka_thumb.jpg,kg,,,,
rhythmic-waves-of-color,Rhythmic Waves of Color,"<p>Experience the serene flow of ""Rhythmic Waves of Color,"" an abstract composition that captivates with its harmonious interplay of vibrant hues. The artwork features a structured yet fluid arrangement that draws the eye across the canvas, inviting a sense of calm and introspection. Perfectly balanced against a soft neutral backdrop, this piece brings a touch of refined elegance to any space.</p>",REXIMPRIMIS,,poster,"poster, abstrakcja, abstract, size_13x18, size_21x30",true,Print Style,Full Bleed,,Size,13 × 18 cm (Small),,,,,rhythmic-waves-of-color-full-13x18,0,,,deny,manual,15.00,,true,true,,,,,,https://cdn.jsdelivr.net/gh/reximprimis/posters@main/shopify_thumbs/Abstrakcja/abstract/Rhythmic_Waves_of_Color_thumb.jpg,1,,false,Rhythmic Waves of Color | REXIMPRIMIS,"Experience the serene flow of ""Rhythmic Waves of Color,"" an abstract composition that captivates with its harmonious interplay of vibrant hues. The artwork feat",,,,,,,,,,,https://cdn.jsdelivr.net/gh/reximprimis/posters@main/shopify_thumbs/Abstrakcja/abstract/Rhythmic_Waves_of_Color_thumb.jpg,kg,,,active,
rhythmic-waves-of-color,,,,,,,,,Full Bleed,,,21 × 30 cm (A4),,,,,rhythmic-waves-of-color-full-21x30,0,,,deny,manual,25.00,,true,true,,,,,,https://cdn.jsdelivr.net/gh/reximprimis/posters@main/shopify_thumbs/Abstrakcja/abstract/Rhythmic_Waves_of_Color_ramka_thumb.jpg,2,,,,,,,,,,,,,,,https://cdn.jsdelivr.net/gh/reximprimis/posters@main/shopify_thumbs/Abstrakcja/abstract/Rhythmic_Waves_of_Color_ramka_thumb.jpg,kg,,,,
rhythmic-waves-of-color,,,,,,,,,White Border,,,13 × 18 cm (Small),,,,,rhythmic-waves-of-color-ramka-13x18,0,,,deny,manual,15.00,,true,true,,,,,,,,,,,,,,,,,,,,,,https://cdn.jsdelivr.net/gh/reximprimis/posters@main/shopify_thumbs/Abstrakcja/abstract/Rhythmic_Waves_of_Color_ramka_thumb.jpg,kg,,,,
rhythmic-waves-of-color,,,,,,,,,White Border,,,21 × 30 cm (A4),,,,,rhythmic-waves-of-color-ramka-21x30,0,,,deny,manual,25.00,,true,true,,,,,,,,,,,,,,,,,,,,,,https://cdn.jsdelivr.net/gh/reximprimis/posters@main/shopify_thumbs/Abstrakcja/abstract/Rhythmic_Waves_of_Color_ramka_thumb.jpg,kg,,,,
ethereal-color-cascade,Ethereal Color Cascade,"<p>Ethereal Color Cascade invites you into a world of serene abstraction, where a harmonious blend of colors flows seamlessly across the canvas. This minimalist composition emphasizes a strong visual rhythm, creating a tranquil space that celebrates the beauty of simplicity and intentionality. With its soft neutral backdrop and striking color architecture, this artwork embodies a quiet luxury that enhances any interior setting.</p>",REXIMPRIMIS,,poster,"poster, abstrakcja, abstract, size_13x18, size_21x30",true,Print Style,Full Bleed,,Size,13 × 18 cm (Small),,,,,ethereal-color-cascade-full-13x18,0,,,deny,manual,15.00,,true,true,,,,,,https://cdn.jsdelivr.net/gh/reximprimis/posters@main/shopify_thumbs/Abstrakcja/abstract/Ethereal_Color_Cascade_thumb.jpg,1,,false,Ethereal Color Cascade | REXIMPRIMIS,"Ethereal Color Cascade invites you into a world of serene abstraction, where a harmonious blend of colors flows seamlessly across the canvas. This minimalist co",,,,,,,,,,,https://cdn.jsdelivr.net/gh/reximprimis/posters@main/shopify_thumbs/Abstrakcja/abstract/Ethereal_Color_Cascade_thumb.jpg,kg,,,active,
ethereal-color-cascade,,,,,,,,,Full Bleed,,,21 × 30 cm (A4),,,,,ethereal-color-cascade-full-21x30,0,,,deny,manual,25.00,,true,true,,,,,,https://cdn.jsdelivr.net/gh/reximprimis/posters@main/shopify_thumbs/Abstrakcja/abstract/Ethereal_Color_Cascade_ramka_thumb.jpg,2,,,,,,,,,,,,,,,https://cdn.jsdelivr.net/gh/reximprimis/posters@main/shopify_thumbs/Abstrakcja/abstract/Ethereal_Color_Cascade_ramka_thumb.jpg,kg,,,,
ethereal-color-cascade,,,,,,,,,White Border,,,13 × 18 cm (Small),,,,,ethereal-color-cascade-ramka-13x18,0,,,deny,manual,15.00,,true,true,,,,,,,,,,,,,,,,,,,,,,https://cdn.jsdelivr.net/gh/reximprimis/posters@main/shopify_thumbs/Abstrakcja/abstract/Ethereal_Color_Cascade_ramka_thumb.jpg,kg,,,,
ethereal-color-cascade,,,,,,,,,White Border,,,21 × 30 cm (A4),,,,,ethereal-color-cascade-ramka-21x30,0,,,deny,manual,25.00,,true,true,,,,,,,,,,,,,,,,,,,,,,https://cdn.jsdelivr.net/gh/reximprimis/posters@main/shopify_thumbs/Abstrakcja/abstract/Ethereal_Color_Cascade_ramka_thumb.jpg,kg,,,,
soft-horizon-balance,Soft Horizon Balance,"<p>Embrace tranquility with ""Soft Horizon Balance,"" a minimalist abstraction that captures the gentle interplay of color and form. This serene composition features soft hues that blend seamlessly, evoking a sense of calm and balance in any space. Perfect for creating a peaceful atmosphere, this piece invites quiet reflection and harmony into your home.</p>",REXIMPRIMIS,,poster,"poster, abstrakcja, minimalism, size_13x18, size_21x30",true,Print Style,Full Bleed,,Size,13 × 18 cm (Small),,,,,soft-horizon-balance-full-13x18,0,,,deny,manual,15.00,,true,true,,,,,,https://cdn.jsdelivr.net/gh/reximprimis/posters@main/shopify_thumbs/Abstrakcja/minimalism/Soft_Horizon_Balance_thumb.jpg,1,,false,Soft Horizon Balance | REXIMPRIMIS,"Embrace tranquility with ""Soft Horizon Balance,"" a minimalist abstraction that captures the gentle interplay of color and form. This serene composition features",,,,,,,,,,,https://cdn.jsdelivr.net/gh/reximprimis/posters@main/shopify_thumbs/Abstrakcja/minimalism/Soft_Horizon_Balance_thumb.jpg,kg,,,active,
soft-horizon-balance,,,,,,,,,Full Bleed,,,21 × 30 cm (A4),,,,,soft-horizon-balance-full-21x30,0,,,deny,manual,25.00,,true,true,,,,,,https://cdn.jsdelivr.net/gh/reximprimis/posters@main/shopify_thumbs/Abstrakcja/minimalism/Soft_Horizon_Balance_ramka_thumb.jpg,2,,,,,,,,,,,,,,,https://cdn.jsdelivr.net/gh/reximprimis/posters@main/shopify_thumbs/Abstrakcja/minimalism/Soft_Horizon_Balance_ramka_thumb.jpg,kg,,,,
soft-horizon-balance,,,,,,,,,White Border,,,13 × 18 cm (Small),,,,,soft-horizon-balance-ramka-13x18,0,,,deny,manual,15.00,,true,true,,,,,,,,,,,,,,,,,,,,,,https://cdn.jsdelivr.net/gh/reximprimis/posters@main/shopify_thumbs/Abstrakcja/minimalism/Soft_Horizon_Balance_ramka_thumb.jpg,kg,,,,
soft-horizon-balance,,,,,,,,,White Border,,,21 × 30 cm (A4),,,,,soft-horizon-balance-ramka-21x30,0,,,deny,manual,25.00,,true,true,,,,,,,,,,,,,,,,,,,,,,https://cdn.jsdelivr.net/gh/reximprimis/posters@main/shopify_thumbs/Abstrakcja/minimalism/Soft_Horizon_Balance_ramka_thumb.jpg,kg,,,,
soft-botanical-branch,Soft Botanical Branch,,REXIMPRIMIS,,poster,"poster, botanika, line-art, size_13x18, size_21x30",true,Print Style,Full Bleed,,Size,13 × 18 cm (Small),,,,,soft-botanical-branch-full-13x18,0,,,deny,manual,15.00,,true,true,,,,,,https://cdn.jsdelivr.net/gh/reximprimis/posters@main/shopify_thumbs/Botanika/line_art/Soft_Botanical_Branch_thumb.jpg,1,,false,Soft Botanical Branch | REXIMPRIMIS,,,,,,,,,,,,https://cdn.jsdelivr.net/gh/reximprimis/posters@main/shopify_thumbs/Botanika/line_art/Soft_Botanical_Branch_thumb.jpg,kg,,,active,
soft-botanical-branch,,,,,,,,,Full Bleed,,,21 × 30 cm (A4),,,,,soft-botanical-branch-full-21x30,0,,,deny,manual,25.00,,true,true,,,,,,https://cdn.jsdelivr.net/gh/reximprimis/posters@main/shopify_thumbs/Botanika/line_art/Soft_Botanical_Branch_ramka_thumb.jpg,2,,,,,,,,,,,,,,,https://cdn.jsdelivr.net/gh/reximprimis/posters@main/shopify_thumbs/Botanika/line_art/Soft_Botanical_Branch_ramka_thumb.jpg,kg,,,,
soft-botanical-branch,,,,,,,,,White Border,,,13 × 18 cm (Small),,,,,soft-botanical-branch-ramka-13x18,0,,,deny,manual,15.00,,true,true,,,,,,,,,,,,,,,,,,,,,,https://cdn.jsdelivr.net/gh/reximprimis/posters@main/shopify_thumbs/Botanika/line_art/Soft_Botanical_Branch_ramka_thumb.jpg,kg,,,,
soft-botanical-branch,,,,,,,,,White Border,,,21 × 30 cm (A4),,,,,soft-botanical-branch-ramka-21x30,0,,,deny,manual,25.00,,true,true,,,,,,,,,,,,,,,,,,,,,,https://cdn.jsdelivr.net/gh/reximprimis/posters@main/shopify_thumbs/Botanika/line_art/Soft_Botanical_Branch_ramka_thumb.jpg,kg,,,,
quiet-circles,Quiet Circles,,REXIMPRIMIS,,poster,"poster, abstrakcja, minimalism, size_13x18, size_21x30",true,Print Style,Full Bleed,,Size,13 × 18 cm (Small),,,,,quiet-circles-full-13x18,0,,,deny,manual,15.00,,true,true,,,,,,https://cdn.jsdelivr.net/gh/reximprimis/posters@main/shopify_thumbs/Abstrakcja/minimalism/Quiet_Circles_thumb.jpg,1,,false,Quiet Circles | REXIMPRIMIS,,,,,,,,,,,,https://cdn.jsdelivr.net/gh/reximprimis/posters@main/shopify_thumbs/Abstrakcja/minimalism/Quiet_Circles_thumb.jpg,kg,,,active,
quiet-circles,,,,,,,,,Full Bleed,,,21 × 30 cm (A4),,,,,quiet-circles-full-21x30,0,,,deny,manual,25.00,,true,true,,,,,,https://cdn.jsdelivr.net/gh/reximprimis/posters@main/shopify_thumbs/Abstrakcja/minimalism/Quiet_Circles_ramka_thumb.jpg,2,,,,,,,,,,,,,,,https://cdn.jsdelivr.net/gh/reximprimis/posters@main/shopify_thumbs/Abstrakcja/minimalism/Quiet_Circles_ramka_thumb.jpg,kg,,,,
quiet-circles,,,,,,,,,White Border,,,13 × 18 cm (Small),,,,,quiet-circles-ramka-13x18,0,,,deny,manual,15.00,,true,true,,,,,,,,,,,,,,,,,,,,,,https://cdn.jsdelivr.net/gh/reximprimis/posters@main/shopify_thumbs/Abstrakcja/minimalism/Quiet_Circles_ramka_thumb.jpg,kg,,,,
quiet-circles,,,,,,,,,White Border,,,21 × 30 cm (A4),,,,,quiet-circles-ramka-21x30,0,,,deny,manual,25.00,,true,true,,,,,,,,,,,,,,,,,,,,,,https://cdn.jsdelivr.net/gh/reximprimis/posters@main/shopify_thumbs/Abstrakcja/minimalism/Quiet_Circles_ramka_thumb.jpg,kg,,,,
soft-geometry-layers,Soft Geometry Layers,,REXIMPRIMIS,,poster,"poster, abstrakcja, minimalism, size_13x18, size_21x30",true,Print Style,Full Bleed,,Size,13 × 18 cm (Small),,,,,soft-geometry-layers-full-13x18,0,,,deny,manual,15.00,,true,true,,,,,,https://cdn.jsdelivr.net/gh/reximprimis/posters@main/shopify_thumbs/Abstrakcja/minimalism/Soft_Geometry_Layers_thumb.jpg,1,,false,Soft Geometry Layers | REXIMPRIMIS,,,,,,,,,,,,https://cdn.jsdelivr.net/gh/reximprimis/posters@main/shopify_thumbs/Abstrakcja/minimalism/Soft_Geometry_Layers_thumb.jpg,kg,,,active,
soft-geometry-layers,,,,,,,,,Full Bleed,,,21 × 30 cm (A4),,,,,soft-geometry-layers-full-21x30,0,,,deny,manual,25.00,,true,true,,,,,,https://cdn.jsdelivr.net/gh/reximprimis/posters@main/shopify_thumbs/Abstrakcja/minimalism/Soft_Geometry_Layers_ramka_thumb.jpg,2,,,,,,,,,,,,,,,https://cdn.jsdelivr.net/gh/reximprimis/posters@main/shopify_thumbs/Abstrakcja/minimalism/Soft_Geometry_Layers_ramka_thumb.jpg,kg,,,,
soft-geometry-layers,,,,,,,,,White Border,,,13 × 18 cm (Small),,,,,soft-geometry-layers-ramka-13x18,0,,,deny,manual,15.00,,true,true,,,,,,,,,,,,,,,,,,,,,,https://cdn.jsdelivr.net/gh/reximprimis/posters@main/shopify_thumbs/Abstrakcja/minimalism/Soft_Geometry_Layers_ramka_thumb.jpg,kg,,,,
soft-geometry-layers,,,,,,,,,White Border,,,21 × 30 cm (A4),,,,,soft-geometry-layers-ramka-21x30,0,,,deny,manual,25.00,,true,true,,,,,,,,,,,,,,,,,,,,,,https://cdn.jsdelivr.net/gh/reximprimis/posters@main/shopify_thumbs/Abstrakcja/minimalism/Soft_Geometry_Layers_ramka_thumb.jpg,kg,,,,
wild-flower-line-study,Wild Flower Line Study,,REXIMPRIMIS,,poster,"poster, botanika, line-art, size_13x18, size_21x30",true,Print Style,Full Bleed,,Size,13 × 18 cm (Small),,,,,wild-flower-line-study-full-13x18,0,,,deny,manual,15.00,,true,true,,,,,,https://cdn.jsdelivr.net/gh/reximprimis/posters@main/shopify_thumbs/Botanika/line_art/Wild_Flower_Line_Study_thumb.jpg,1,,false,Wild Flower Line Study | REXIMPRIMIS,,,,,,,,,,,,https://cdn.jsdelivr.net/gh/reximprimis/posters@main/shopify_thumbs/Botanika/line_art/Wild_Flower_Line_Study_thumb.jpg,kg,,,active,
wild-flower-line-study,,,,,,,,,Full Bleed,,,21 × 30 cm (A4),,,,,wild-flower-line-study-full-21x30,0,,,deny,manual,25.00,,true,true,,,,,,https://cdn.jsdelivr.net/gh/reximprimis/posters@main/shopify_thumbs/Botanika/line_art/Wild_Flower_Line_Study_ramka_thumb.jpg,2,,,,,,,,,,,,,,,https://cdn.jsdelivr.net/gh/reximprimis/posters@main/shopify_thumbs/Botanika/line_art/Wild_Flower_Line_Study_ramka_thumb.jpg,kg,,,,
wild-flower-line-study,,,,,,,,,White Border,,,13 × 18 cm (Small),,,,,wild-flower-line-study-ramka-13x18,0,,,deny,manual,15.00,,true,true,,,,,,,,,,,,,,,,,,,,,,https://cdn.jsdelivr.net/gh/reximprimis/posters@main/shopify_thumbs/Botanika/line_art/Wild_Flower_Line_Study_ramka_thumb.jpg,kg,,,,
wild-flower-line-study,,,,,,,,,White Border,,,21 × 30 cm (A4),,,,,wild-flower-line-study-ramka-21x30,0,,,deny,manual,25.00,,true,true,,,,,,,,,,,,,,,,,,,,,,https://cdn.jsdelivr.net/gh/reximprimis/posters@main/shopify_thumbs/Botanika/line_art/Wild_Flower_Line_Study_ramka_thumb.jpg,kg,,,,
elegant-leaf-composition,Elegant Leaf Composition,,REXIMPRIMIS,,poster,"poster, botanika, line-art, size_13x18, size_21x30",true,Print Style,Full Bleed,,Size,13 × 18 cm (Small),,,,,elegant-leaf-composition-full-13x18,0,,,deny,manual,15.00,,true,true,,,,,,https://cdn.jsdelivr.net/gh/reximprimis/posters@main/shopify_thumbs/Botanika/line_art/Elegant_Leaf_Composition_thumb.jpg,1,,false,Elegant Leaf Composition | REXIMPRIMIS,,,,,,,,,,,,https://cdn.jsdelivr.net/gh/reximprimis/posters@main/shopify_thumbs/Botanika/line_art/Elegant_Leaf_Composition_thumb.jpg,kg,,,active,
elegant-leaf-composition,,,,,,,,,Full Bleed,,,21 × 30 cm (A4),,,,,elegant-leaf-composition-full-21x30,0,,,deny,manual,25.00,,true,true,,,,,,https://cdn.jsdelivr.net/gh/reximprimis/posters@main/shopify_thumbs/Botanika/line_art/Elegant_Leaf_Composition_ramka_thumb.jpg,2,,,,,,,,,,,,,,,https://cdn.jsdelivr.net/gh/reximprimis/posters@main/shopify_thumbs/Botanika/line_art/Elegant_Leaf_Composition_ramka_thumb.jpg,kg,,,,
elegant-leaf-composition,,,,,,,,,White Border,,,13 × 18 cm (Small),,,,,elegant-leaf-composition-ramka-13x18,0,,,deny,manual,15.00,,true,true,,,,,,,,,,,,,,,,,,,,,,https://cdn.jsdelivr.net/gh/reximprimis/posters@main/shopify_thumbs/Botanika/line_art/Elegant_Leaf_Composition_ramka_thumb.jpg,kg,,,,
elegant-leaf-composition,,,,,,,,,White Border,,,21 × 30 cm (A4),,,,,elegant-leaf-composition-ramka-21x30,0,,,deny,manual,25.00,,true,true,,,,,,,,,,,,,,,,,,,,,,https://cdn.jsdelivr.net/gh/reximprimis/posters@main/shopify_thumbs/Botanika/line_art/Elegant_Leaf_Composition_ramka_thumb.jpg,kg,,,,
botanical-harmony-lines,Botanical Harmony Lines,,REXIMPRIMIS,,poster,"poster, botanika, line-art, size_13x18, size_21x30",true,Print Style,Full Bleed,,Size,13 × 18 cm (Small),,,,,botanical-harmony-lines-full-13x18,0,,,deny,manual,15.00,,true,true,,,,,,https://cdn.jsdelivr.net/gh/reximprimis/posters@main/shopify_thumbs/Botanika/line_art/Botanical_Harmony_Lines_thumb.jpg,1,,false,Botanical Harmony Lines | REXIMPRIMIS,,,,,,,,,,,,https://cdn.jsdelivr.net/gh/reximprimis/posters@main/shopify_thumbs/Botanika/line_art/Botanical_Harmony_Lines_thumb.jpg,kg,,,active,
botanical-harmony-lines,,,,,,,,,Full Bleed,,,21 × 30 cm (A4),,,,,botanical-harmony-lines-full-21x30,0,,,deny,manual,25.00,,true,true,,,,,,https://cdn.jsdelivr.net/gh/reximprimis/posters@main/shopify_thumbs/Botanika/line_art/Botanical_Harmony_Lines_ramka_thumb.jpg,2,,,,,,,,,,,,,,,https://cdn.jsdelivr.net/gh/reximprimis/posters@main/shopify_thumbs/Botanika/line_art/Botanical_Harmony_Lines_ramka_thumb.jpg,kg,,,,
botanical-harmony-lines,,,,,,,,,White Border,,,13 × 18 cm (Small),,,,,botanical-harmony-lines-ramka-13x18,0,,,deny,manual,15.00,,true,true,,,,,,,,,,,,,,,,,,,,,,https://cdn.jsdelivr.net/gh/reximprimis/posters@main/shopify_thumbs/Botanika/line_art/Botanical_Harmony_Lines_ramka_thumb.jpg,kg,,,,
botanical-harmony-lines,,,,,,,,,White Border,,,21 × 30 cm (A4),,,,,botanical-harmony-lines-ramka-21x30,0,,,deny,manual,25.00,,true,true,,,,,,,,,,,,,,,,,,,,,,https://cdn.jsdelivr.net/gh/reximprimis/posters@main/shopify_thumbs/Botanika/line_art/Botanical_Harmony_Lines_ramka_thumb.jpg,kg,,,,
gentle-leaf-study,Gentle Leaf Study,,REXIMPRIMIS,,poster,"poster, botanika, minimalism, size_13x18, size_21x30",true,Print Style,Full Bleed,,Size,13 × 18 cm (Small),,,,,gentle-leaf-study-full-13x18,0,,,deny,manual,15.00,,true,true,,,,,,https://cdn.jsdelivr.net/gh/reximprimis/posters@main/shopify_thumbs/Botanika/minimalism/Gentle_Leaf_Study_thumb.jpg,1,,false,Gentle Leaf Study | REXIMPRIMIS,,,,,,,,,,,,https://cdn.jsdelivr.net/gh/reximprimis/posters@main/shopify_thumbs/Botanika/minimalism/Gentle_Leaf_Study_thumb.jpg,kg,,,active,
gentle-leaf-study,,,,,,,,,Full Bleed,,,21 × 30 cm (A4),,,,,gentle-leaf-study-full-21x30,0,,,deny,manual,25.00,,true,true,,,,,,https://cdn.jsdelivr.net/gh/reximprimis/posters@main/shopify_thumbs/Botanika/minimalism/Gentle_Leaf_Study_ramka_thumb.jpg,2,,,,,,,,,,,,,,,https://cdn.jsdelivr.net/gh/reximprimis/posters@main/shopify_thumbs/Botanika/minimalism/Gentle_Leaf_Study_ramka_thumb.jpg,kg,,,,
gentle-leaf-study,,,,,,,,,White Border,,,13 × 18 cm (Small),,,,,gentle-leaf-study-ramka-13x18,0,,,deny,manual,15.00,,true,true,,,,,,,,,,,,,,,,,,,,,,https://cdn.jsdelivr.net/gh/reximprimis/posters@main/shopify_thumbs/Botanika/minimalism/Gentle_Leaf_Study_ramka_thumb.jpg,kg,,,,
gentle-leaf-study,,,,,,,,,White Border,,,21 × 30 cm (A4),,,,,gentle-leaf-study-ramka-21x30,0,,,deny,manual,25.00,,true,true,,,,,,,,,,,,,,,,,,,,,,https://cdn.jsdelivr.net/gh/reximprimis/posters@main/shopify_thumbs/Botanika/minimalism/Gentle_Leaf_Study_ramka_thumb.jpg,kg,,,,
